record_id,call_failure,complains,subscription_length,charge_amount,seconds_of_use,frequency_of_use,frequency_of_sms,distinct_called_numbers,age_group,tariff_plan,status,age,customer_value,fn,fp,churn,complaint_label,tariff_label,status_label,churn_label,tenure_band,call_activity_band,sms_activity_band,retention_priority_score,retention_priority
2,0,0,39,0,318,5,7,4,2,1,2,25,46.035,41.4315,60,0,No complaint,Pay as you go,Non-active,Retained,37+ months,1–25 calls,1–25 SMS,7,High
17,0,0,37,0,875,14,0,11,2,1,2,25,40.005,36.0045,60,1,No complaint,Pay as you go,Non-active,Churned,37+ months,1–25 calls,No SMS,7,High
18,2,0,38,0,710,14,13,8,3,1,2,30,80.96,72.864,60,0,No complaint,Pay as you go,Non-active,Retained,37+ months,1–25 calls,1–25 SMS,7,High
19,0,0,37,0,0,0,0,0,2,1,2,25,0,0,60,1,No complaint,Pay as you go,Non-active,Churned,37+ months,No calls,No SMS,7,High
23,23,1,33,0,955,47,16,17,2,1,2,25,117.09,105.381,61.709,1,Complaint,Pay as you go,Non-active,Churned,25–36 months,26–75 calls,1–25 SMS,8,High
28,9,1,36,0,2268,44,34,31,3,1,2,30,228.48,205.632,72.848,1,Complaint,Pay as you go,Non-active,Churned,25–36 months,26–75 calls,26–100 SMS,7,High
29,0,0,36,0,133,2,0,2,3,1,2,30,5.4,4.86,60,1,No complaint,Pay as you go,Non-active,Churned,25–36 months,1–25 calls,No SMS,7,High
32,0,1,36,0,628,7,9,4,4,1,2,45,38.375,34.5375,60,1,Complaint,Pay as you go,Non-active,Churned,25–36 months,1–25 calls,1–25 SMS,10,High
41,11,0,27,0,700,25,10,7,2,1,2,25,77.625,69.8625,60,0,No complaint,Pay as you go,Non-active,Retained,25–36 months,1–25 calls,1–25 SMS,7,High
42,0,0,26,0,825,10,21,3,4,1,2,45,73.375,66.0375,60,1,No complaint,Pay as you go,Non-active,Churned,25–36 months,1–25 calls,1–25 SMS,7,High
69,3,1,39,1,60,3,5,2,2,1,1,25,25.335,22.8015,60,1,Complaint,Pay as you go,Active,Churned,37+ months,1–25 calls,1–25 SMS,7,High
100,6,1,11,2,1548,22,5,9,3,1,1,30,82.8,74.52,60,1,Complaint,Pay as you go,Active,Churned,0–12 months,1–25 calls,1–25 SMS,8,High
102,0,0,37,0,258,2,2,2,2,1,2,25,20.7,18.63,60,0,No complaint,Pay as you go,Non-active,Retained,37+ months,1–25 calls,1–25 SMS,7,High
112,6,1,36,0,2178,51,3,15,3,1,2,30,101.16,91.044,60.116,0,Complaint,Pay as you go,Non-active,Retained,25–36 months,26–75 calls,1–25 SMS,8,High
117,0,0,35,0,815,11,0,9,2,1,2,25,37.17,33.453,60,0,No complaint,Pay as you go,Non-active,Retained,25–36 months,1–25 calls,No SMS,7,High
118,0,0,36,0,650,11,8,6,2,1,2,25,65.745,59.1705,60,0,No complaint,Pay as you go,Non-active,Retained,25–36 months,1–25 calls,1–25 SMS,7,High
119,0,0,35,0,0,0,0,0,2,1,2,25,0,0,60,1,No complaint,Pay as you go,Non-active,Churned,25–36 months,No calls,No SMS,7,High
128,6,1,34,0,2208,41,29,29,3,1,2,30,205.96,185.364,70.596,1,Complaint,Pay as you go,Non-active,Churned,25–36 months,26–75 calls,26–100 SMS,7,High
129,0,1,34,0,0,0,0,0,3,1,2,30,0,0,60,1,Complaint,Pay as you go,Non-active,Churned,25–36 months,No calls,No SMS,10,High
132,0,0,34,0,568,4,4,2,4,1,2,45,24.3,21.87,60,1,No complaint,Pay as you go,Non-active,Churned,25–36 months,1–25 calls,1–25 SMS,7,High
141,8,0,25,0,640,22,5,5,2,1,2,25,52.29,47.061,60,0,No complaint,Pay as you go,Non-active,Retained,25–36 months,1–25 calls,1–25 SMS,7,High
142,0,1,24,0,765,7,16,1,4,1,2,45,59.3,53.37,60,1,Complaint,Pay as you go,Non-active,Churned,13–24 months,1–25 calls,1–25 SMS,10,High
152,1,1,43,0,398,7,17,8,3,1,2,30,84.2,75.78,60,1,Complaint,Pay as you go,Non-active,Churned,37+ months,1–25 calls,1–25 SMS,10,High
167,1,0,41,0,955,16,10,15,2,1,2,25,88.695,79.8255,60,0,No complaint,Pay as you go,Non-active,Retained,37+ months,1–25 calls,1–25 SMS,7,High
168,3,0,42,0,790,16,23,12,3,1,2,30,124.24,111.816,62.424,0,No complaint,Pay as you go,Non-active,Retained,37+ months,1–25 calls,1–25 SMS,7,High
169,1,0,41,0,80,2,10,4,2,1,2,25,48.69,43.821,60,1,No complaint,Pay as you go,Non-active,Churned,37+ months,1–25 calls,1–25 SMS,7,High
173,24,1,37,0,1035,49,26,21,3,1,2,30,147.36,132.624,64.736,1,Complaint,Pay as you go,Non-active,Churned,37+ months,26–75 calls,26–100 SMS,7,High
178,10,1,40,0,2348,46,44,35,3,1,2,30,271.76,244.584,77.176,1,Complaint,Pay as you go,Non-active,Churned,37+ months,26–75 calls,26–100 SMS,7,High
179,1,0,40,0,213,4,10,6,3,1,2,30,48.68,43.812,60,1,No complaint,Pay as you go,Non-active,Churned,37+ months,1–25 calls,1–25 SMS,7,High
182,1,1,40,0,708,9,19,8,4,1,2,45,65.425,58.8825,60,1,Complaint,Pay as you go,Non-active,Churned,37+ months,1–25 calls,1–25 SMS,10,High
202,0,0,35,0,0,0,0,0,2,1,2,25,0,0,60,0,No complaint,Pay as you go,Non-active,Retained,25–36 months,No calls,No SMS,7,High
217,0,0,33,0,795,12,0,7,2,1,2,25,36.315,32.6835,60,0,No complaint,Pay as you go,Non-active,Retained,25–36 months,1–25 calls,No SMS,7,High
218,1,0,34,0,630,12,3,4,2,1,2,25,42.39,38.151,60,0,No complaint,Pay as you go,Non-active,Retained,25–36 months,1–25 calls,1–25 SMS,7,High
219,0,0,33,0,0,0,0,0,2,1,2,25,0,0,60,1,No complaint,Pay as you go,Non-active,Churned,25–36 months,No calls,No SMS,7,High
227,8,1,31,0,2910,39,0,12,3,1,2,30,117.96,106.164,61.796,1,Complaint,Pay as you go,Non-active,Churned,25–36 months,26–75 calls,No SMS,8,High
229,0,1,32,0,0,0,0,0,3,1,2,30,0,0,60,1,Complaint,Pay as you go,Non-active,Churned,25–36 months,No calls,No SMS,10,High
232,0,0,32,0,0,0,0,0,4,1,2,45,0,0,60,1,No complaint,Pay as you go,Non-active,Churned,25–36 months,No calls,No SMS,7,High
241,10,0,23,0,620,23,0,3,2,1,2,25,28.935,26.0415,60,0,No complaint,Pay as you go,Non-active,Retained,13–24 months,1–25 calls,No SMS,7,High
242,0,0,22,0,0,0,11,0,4,1,2,45,27.5,24.75,60,0,No complaint,Pay as you go,Non-active,Retained,13–24 months,No calls,1–25 SMS,7,High
252,5,0,45,0,578,15,22,10,3,1,2,30,111.72,100.548,61.172,0,No complaint,Pay as you go,Non-active,Retained,37+ months,1–25 calls,1–25 SMS,7,High
262,14,1,44,0,2498,64,23,23,3,1,2,30,194.48,175.032,69.448,0,Complaint,Pay as you go,Non-active,Retained,37+ months,26–75 calls,1–25 SMS,8,High
267,5,0,43,0,1135,24,15,17,2,1,2,25,119.655,107.6895,61.9655,0,No complaint,Pay as you go,Non-active,Retained,37+ months,1–25 calls,1–25 SMS,7,High
269,5,0,43,0,260,10,15,6,2,1,2,25,79.65,71.685,60,1,No complaint,Pay as you go,Non-active,Churned,37+ months,1–25 calls,1–25 SMS,7,High
273,28,1,39,0,1215,57,31,23,3,1,2,30,174.88,157.392,67.488,1,Complaint,Pay as you go,Non-active,Churned,37+ months,26–75 calls,26–100 SMS,7,High
277,14,1,41,0,3250,51,24,22,3,1,2,30,228.04,205.236,72.804,1,Complaint,Pay as you go,Non-active,Churned,37+ months,26–75 calls,1–25 SMS,8,High
278,14,1,42,0,2528,54,49,37,4,1,2,45,187.05,168.345,68.705,1,Complaint,Pay as you go,Non-active,Churned,37+ months,26–75 calls,26–100 SMS,7,High
279,5,0,42,0,393,12,15,8,3,1,2,30,76.2,68.58,60,1,No complaint,Pay as you go,Non-active,Churned,37+ months,1–25 calls,1–25 SMS,7,High
282,5,0,42,0,888,17,24,10,4,1,2,45,82.625,74.3625,60,1,No complaint,Pay as you go,Non-active,Churned,37+ months,1–25 calls,1–25 SMS,7,High
302,0,0,33,0,0,0,0,0,2,1,2,25,0,0,60,0,No complaint,Pay as you go,Non-active,Retained,25–36 months,No calls,No SMS,7,High
317,0,0,31,0,615,4,0,5,2,1,2,25,27.855,25.0695,60,0,No complaint,Pay as you go,Non-active,Retained,25–36 months,1–25 calls,No SMS,7,High
318,0,0,32,0,450,4,0,2,2,1,2,25,20.43,18.387,60,0,No complaint,Pay as you go,Non-active,Retained,25–36 months,1–25 calls,No SMS,7,High
319,0,0,31,0,0,0,0,0,2,1,2,25,0,0,60,1,No complaint,Pay as you go,Non-active,Churned,25–36 months,No calls,No SMS,7,High
323,18,1,27,0,695,37,1,11,2,1,2,25,37.44,33.696,60,1,Complaint,Pay as you go,Non-active,Churned,25–36 months,26–75 calls,1–25 SMS,8,High
328,4,1,30,0,2008,34,19,25,3,1,2,30,157.68,141.912,65.768,1,Complaint,Pay as you go,Non-active,Churned,25–36 months,26–75 calls,1–25 SMS,8,High
329,0,0,30,0,0,0,0,0,3,1,2,30,0,0,60,1,No complaint,Pay as you go,Non-active,Churned,25–36 months,No calls,No SMS,7,High
332,0,1,30,0,0,0,0,0,4,1,2,45,0,0,60,1,Complaint,Pay as you go,Non-active,Churned,25–36 months,No calls,No SMS,10,High
333,0,1,30,0,0,0,0,0,5,1,1,55,0,0,60,1,Complaint,Pay as you go,Active,Churned,25–36 months,No calls,No SMS,7,High
341,6,0,21,0,440,15,0,1,2,1,2,25,20.475,18.4275,60,0,No complaint,Pay as you go,Non-active,Retained,13–24 months,1–25 calls,No SMS,7,High
342,0,0,20,0,0,0,6,0,4,1,2,45,15,13.5,60,0,No complaint,Pay as you go,Non-active,Retained,13–24 months,No calls,1–25 SMS,7,High
350,0,1,3,0,1228,9,0,1,2,1,1,25,55.665,50.0985,60,1,Complaint,Pay as you go,Active,Churned,0–12 months,1–25 calls,No SMS,8,High
352,2,0,42,0,498,13,18,9,2,1,2,25,103.995,93.5955,60.3995,0,No complaint,Pay as you go,Non-active,Retained,37+ months,1–25 calls,1–25 SMS,7,High
367,2,0,40,0,1055,22,11,16,2,1,2,25,97.965,88.1685,60,0,No complaint,Pay as you go,Non-active,Retained,37+ months,1–25 calls,1–25 SMS,7,High
368,4,0,41,0,890,22,24,13,3,1,2,30,132.48,119.232,63.248,0,No complaint,Pay as you go,Non-active,Retained,37+ months,1–25 calls,1–25 SMS,7,High
369,2,0,40,0,180,8,11,5,2,1,2,25,57.96,52.164,60,1,No complaint,Pay as you go,Non-active,Churned,37+ months,1–25 calls,1–25 SMS,7,High
373,25,1,36,0,1135,55,27,22,2,1,2,25,175.05,157.545,67.505,1,Complaint,Pay as you go,Non-active,Churned,25–36 months,26–75 calls,26–100 SMS,7,High
377,11,1,38,0,3170,49,20,21,3,1,2,30,208.76,187.884,70.876,1,Complaint,Pay as you go,Non-active,Churned,37+ months,26–75 calls,1–25 SMS,8,High
378,11,1,39,0,2448,52,45,36,3,1,2,30,280,252,78,1,Complaint,Pay as you go,Non-active,Churned,37+ months,26–75 calls,26–100 SMS,7,High
379,2,1,39,0,313,10,11,7,3,1,2,30,56.92,51.228,60,1,Complaint,Pay as you go,Non-active,Churned,37+ months,1–25 calls,1–25 SMS,10,High
382,2,0,39,0,808,15,20,9,4,1,2,45,70.575,63.5175,60,1,No complaint,Pay as you go,Non-active,Churned,37+ months,1–25 calls,1–25 SMS,7,High
402,0,0,36,0,0,0,0,0,2,1,2,25,0,0,60,0,No complaint,Pay as you go,Non-active,Retained,25–36 months,No calls,No SMS,7,High
417,0,0,34,0,695,6,0,6,2,1,2,25,31.545,28.3905,60,0,No complaint,Pay as you go,Non-active,Retained,25–36 months,1–25 calls,No SMS,7,High
418,0,0,35,0,530,6,2,3,3,1,2,30,29.44,26.496,60,0,No complaint,Pay as you go,Non-active,Retained,25–36 months,1–25 calls,1–25 SMS,7,High
419,0,1,34,0,0,0,0,0,2,1,2,25,0,0,60,1,Complaint,Pay as you go,Non-active,Churned,25–36 months,No calls,No SMS,10,High
423,21,1,30,0,775,39,5,12,2,1,2,25,59.13,53.217,60,1,Complaint,Pay as you go,Non-active,Churned,25–36 months,26–75 calls,1–25 SMS,8,High
428,7,1,33,0,2088,36,23,26,3,1,2,30,176.96,159.264,67.696,1,Complaint,Pay as you go,Non-active,Churned,25–36 months,26–75 calls,1–25 SMS,8,High
429,0,0,33,0,0,0,0,0,3,1,2,30,0,0,60,1,No complaint,Pay as you go,Non-active,Churned,25–36 months,No calls,No SMS,7,High
432,0,0,33,0,0,0,0,0,4,1,2,45,0,0,60,1,No complaint,Pay as you go,Non-active,Churned,25–36 months,No calls,No SMS,7,High
441,9,0,24,0,520,17,0,2,2,1,2,25,24.165,21.7485,60,0,No complaint,Pay as you go,Non-active,Retained,13–24 months,1–25 calls,No SMS,7,High
442,0,0,23,0,0,0,10,0,4,1,2,45,25,22.5,60,0,No complaint,Pay as you go,Non-active,Retained,13–24 months,No calls,1–25 SMS,7,High
467,4,0,37,0,1475,24,21,26,2,1,2,25,161.955,145.7595,66.1955,0,No complaint,Pay as you go,Non-active,Retained,37+ months,1–25 calls,1–25 SMS,7,High
469,4,0,37,0,600,10,21,15,2,1,2,25,121.95,109.755,62.195,1,No complaint,Pay as you go,Non-active,Churned,37+ months,1–25 calls,1–25 SMS,7,High
473,27,1,33,0,1555,57,37,32,3,1,2,30,212.48,191.232,71.248,1,Complaint,Pay as you go,Non-active,Churned,25–36 months,26–75 calls,26–100 SMS,7,High
477,13,1,35,0,3590,51,30,31,3,1,2,30,265.64,239.076,76.564,1,Complaint,Pay as you go,Non-active,Churned,25–36 months,26–75 calls,26–100 SMS,7,High
478,13,1,36,0,2868,54,55,46,3,1,2,30,336.88,303.192,83.688,1,Complaint,Pay as you go,Non-active,Churned,25–36 months,26–75 calls,26–100 SMS,7,High
479,4,0,36,0,733,12,21,17,3,1,2,30,113.8,102.42,61.38,1,No complaint,Pay as you go,Non-active,Churned,25–36 months,1–25 calls,1–25 SMS,7,High
487,7,1,35,0,2265,54,59,35,3,1,2,30,328.76,295.884,82.876,1,Complaint,Pay as you go,Non-active,Churned,25–36 months,26–75 calls,26–100 SMS,7,High
502,0,0,39,0,0,0,0,0,2,1,2,25,0,0,60,0,No complaint,Pay as you go,Non-active,Retained,37+ months,No calls,No SMS,7,High
517,0,0,37,0,275,4,0,1,2,1,2,25,12.555,11.2995,60,0,No complaint,Pay as you go,Non-active,Retained,37+ months,1–25 calls,No SMS,7,High
518,0,0,38,0,110,4,0,1,2,1,2,25,5.13,4.617,60,0,No complaint,Pay as you go,Non-active,Retained,37+ months,1–25 calls,No SMS,7,High
519,0,0,37,0,0,0,0,0,2,1,2,25,0,0,60,1,No complaint,Pay as you go,Non-active,Churned,37+ months,No calls,No SMS,7,High
529,0,0,36,0,0,0,0,0,3,1,2,30,0,0,60,1,No complaint,Pay as you go,Non-active,Churned,25–36 months,No calls,No SMS,7,High
532,0,0,36,0,0,0,0,0,4,1,2,45,0,0,60,1,No complaint,Pay as you go,Non-active,Churned,25–36 months,No calls,No SMS,7,High
541,7,0,27,0,100,15,0,3,2,1,2,25,5.175,4.6575,60,0,No complaint,Pay as you go,Non-active,Retained,25–36 months,1–25 calls,No SMS,7,High
542,0,0,26,0,0,0,0,0,4,1,2,45,0,0,60,0,No complaint,Pay as you go,Non-active,Retained,25–36 months,No calls,No SMS,7,High
550,0,1,9,0,888,9,0,3,3,1,1,30,35.88,32.292,60,1,Complaint,Pay as you go,Active,Churned,0–12 months,1–25 calls,No SMS,8,High
562,9,1,39,0,2353,60,40,21,3,1,2,30,256.52,230.868,75.652,0,Complaint,Pay as you go,Non-active,Retained,37+ months,26–75 calls,26–100 SMS,7,High
573,23,1,34,0,1070,53,48,21,3,1,2,30,236.92,213.228,73.692,1,Complaint,Pay as you go,Non-active,Churned,25–36 months,26–75 calls,26–100 SMS,7,High
577,9,1,36,0,3105,47,41,20,3,1,2,30,290.08,261.072,79.008,1,Complaint,Pay as you go,Non-active,Churned,25–36 months,26–75 calls,26–100 SMS,7,High
602,0,0,38,0,0,0,0,0,2,1,2,25,0,0,60,0,No complaint,Pay as you go,Non-active,Retained,37+ months,No calls,No SMS,7,High
617,0,0,36,0,760,8,0,7,2,1,2,25,34.56,31.104,60,0,No complaint,Pay as you go,Non-active,Retained,25–36 months,1–25 calls,No SMS,7,High
618,2,0,37,0,595,8,0,4,2,1,2,25,27.135,24.4215,60,0,No complaint,Pay as you go,Non-active,Retained,37+ months,1–25 calls,No SMS,7,High
619,0,1,36,0,0,0,0,0,2,1,2,25,0,0,60,1,Complaint,Pay as you go,Non-active,Churned,25–36 months,No calls,No SMS,10,High
627,9,1,34,0,2875,35,0,12,2,1,2,25,130.95,117.855,63.095,1,Complaint,Pay as you go,Non-active,Churned,25–36 months,26–75 calls,No SMS,8,High
629,0,0,35,0,0,0,0,0,2,1,2,25,0,0,60,1,No complaint,Pay as you go,Non-active,Churned,25–36 months,No calls,No SMS,7,High
632,0,0,35,0,513,1,0,3,4,1,2,45,12.85,11.565,60,1,No complaint,Pay as you go,Non-active,Churned,25–36 months,1–25 calls,No SMS,7,High
641,11,0,26,0,585,19,0,3,2,1,2,25,27.18,24.462,60,0,No complaint,Pay as you go,Non-active,Retained,25–36 months,1–25 calls,No SMS,7,High
642,0,0,25,0,710,4,0,1,4,1,2,45,17.85,16.065,60,0,No complaint,Pay as you go,Non-active,Retained,25–36 months,1–25 calls,No SMS,7,High
650,3,1,8,0,1373,13,0,3,2,1,1,25,62.37,56.133,60,1,Complaint,Pay as you go,Active,Churned,0–12 months,1–25 calls,No SMS,8,High
652,2,0,39,0,508,6,16,7,2,1,2,25,95.13,85.617,60,0,No complaint,Pay as you go,Non-active,Retained,37+ months,1–25 calls,1–25 SMS,7,High
662,11,1,38,0,2428,55,17,20,3,1,2,30,167.32,150.588,66.732,0,Complaint,Pay as you go,Non-active,Retained,37+ months,26–75 calls,1–25 SMS,8,High
667,2,0,37,0,1065,15,9,14,2,1,2,25,89.1,80.19,60,0,No complaint,Pay as you go,Non-active,Retained,37+ months,1–25 calls,1–25 SMS,7,High
668,4,0,38,0,900,15,22,11,3,1,2,30,124.6,112.14,62.46,0,No complaint,Pay as you go,Non-active,Retained,37+ months,1–25 calls,1–25 SMS,7,High
669,2,0,37,0,190,1,9,3,2,1,2,25,49.095,44.1855,60,1,No complaint,Pay as you go,Non-active,Churned,37+ months,1–25 calls,1–25 SMS,7,High
673,25,1,33,0,1145,48,25,20,2,1,2,25,166.185,149.5665,66.6185,1,Complaint,Pay as you go,Non-active,Churned,25–36 months,26–75 calls,1–25 SMS,8,High
677,11,1,35,0,3180,42,18,19,3,1,2,30,200.88,180.792,70.088,1,Complaint,Pay as you go,Non-active,Churned,25–36 months,26–75 calls,1–25 SMS,8,High
678,11,1,36,0,2458,45,43,34,3,1,2,30,272.12,244.908,77.212,1,Complaint,Pay as you go,Non-active,Churned,25–36 months,26–75 calls,26–100 SMS,7,High
679,2,0,36,0,323,3,9,5,3,1,2,30,49.04,44.136,60,1,No complaint,Pay as you go,Non-active,Churned,25–36 months,1–25 calls,1–25 SMS,7,High
682,2,0,36,0,818,8,18,7,4,1,2,45,65.65,59.085,60,1,No complaint,Pay as you go,Non-active,Churned,25–36 months,1–25 calls,1–25 SMS,7,High
702,0,0,39,0,128,4,0,1,2,1,2,25,5.94,5.346,60,0,No complaint,Pay as you go,Non-active,Retained,37+ months,1–25 calls,No SMS,7,High
717,0,0,37,0,685,13,0,8,2,1,2,25,31.41,28.269,60,0,No complaint,Pay as you go,Non-active,Retained,37+ months,1–25 calls,No SMS,7,High
718,0,0,38,0,520,13,4,5,3,1,2,30,37.32,33.588,60,0,No complaint,Pay as you go,Non-active,Retained,37+ months,1–25 calls,1–25 SMS,7,High
719,0,0,37,0,0,0,0,0,2,1,2,25,0,0,60,1,No complaint,Pay as you go,Non-active,Churned,37+ months,No calls,No SMS,7,High
727,7,1,35,0,2800,40,0,13,3,1,2,30,113.6,102.24,61.36,1,Complaint,Pay as you go,Non-active,Churned,25–36 months,26–75 calls,No SMS,8,High
729,0,0,36,0,0,0,0,0,3,1,2,30,0,0,60,1,No complaint,Pay as you go,Non-active,Churned,25–36 months,No calls,No SMS,7,High
732,0,0,36,0,438,6,0,1,4,1,2,45,11.1,9.99,60,1,No complaint,Pay as you go,Non-active,Churned,25–36 months,1–25 calls,No SMS,7,High
741,9,0,27,0,510,24,1,4,2,1,2,25,28.53,25.677,60,0,No complaint,Pay as you go,Non-active,Retained,25–36 months,1–25 calls,1–25 SMS,7,High
742,0,0,26,0,635,9,12,1,4,1,2,45,46.1,41.49,60,0,No complaint,Pay as you go,Non-active,Retained,25–36 months,1–25 calls,1–25 SMS,7,High
752,0,0,34,0,318,4,0,3,2,1,2,25,14.49,13.041,60,0,No complaint,Pay as you go,Non-active,Retained,25–36 months,1–25 calls,No SMS,7,High
762,7,1,33,0,2238,48,0,16,3,1,2,30,91.44,82.296,60,0,Complaint,Pay as you go,Non-active,Retained,25–36 months,26–75 calls,No SMS,8,High
767,0,0,32,0,875,8,0,10,2,1,2,25,39.735,35.7615,60,0,No complaint,Pay as you go,Non-active,Retained,25–36 months,1–25 calls,No SMS,7,High
768,0,0,33,0,710,8,5,7,2,1,2,25,54.81,49.329,60,0,No complaint,Pay as you go,Non-active,Retained,25–36 months,1–25 calls,1–25 SMS,7,High
769,0,0,32,0,0,0,0,0,2,1,2,25,0,0,60,1,No complaint,Pay as you go,Non-active,Churned,25–36 months,No calls,No SMS,7,High
773,21,1,28,0,955,41,8,16,2,1,2,25,80.82,72.738,60,1,Complaint,Pay as you go,Non-active,Churned,25–36 months,26–75 calls,1–25 SMS,8,High
777,7,1,30,0,2990,35,1,15,2,1,2,25,140.625,126.5625,64.0625,1,Complaint,Pay as you go,Non-active,Churned,25–36 months,26–75 calls,1–25 SMS,8,High
778,7,1,31,0,2268,38,26,30,3,1,2,30,196.24,176.616,69.624,1,Complaint,Pay as you go,Non-active,Churned,25–36 months,26–75 calls,26–100 SMS,7,High
779,0,1,31,0,0,0,0,0,2,1,2,25,0,0,60,1,Complaint,Pay as you go,Non-active,Churned,25–36 months,No calls,No SMS,10,High
782,0,0,31,0,628,1,1,3,4,1,2,45,18.225,16.4025,60,1,No complaint,Pay as you go,Non-active,Churned,25–36 months,1–25 calls,1–25 SMS,7,High
791,9,0,22,0,700,19,2,6,2,1,2,25,41.355,37.2195,60,0,No complaint,Pay as you go,Non-active,Retained,13–24 months,1–25 calls,1–25 SMS,7,High
792,0,0,21,0,825,4,13,2,4,1,2,45,53.225,47.9025,60,0,No complaint,Pay as you go,Non-active,Retained,13–24 months,1–25 calls,1–25 SMS,7,High
802,2,0,44,0,318,11,15,5,3,1,2,30,73.16,65.844,60,0,No complaint,Pay as you go,Non-active,Retained,37+ months,1–25 calls,1–25 SMS,7,High
812,11,1,43,0,2238,60,16,18,3,1,2,30,155.92,140.328,65.592,0,Complaint,Pay as you go,Non-active,Retained,37+ months,26–75 calls,1–25 SMS,8,High
817,2,0,42,0,875,20,8,12,2,1,2,25,76.275,68.6475,60,0,No complaint,Pay as you go,Non-active,Retained,37+ months,1–25 calls,1–25 SMS,7,High
818,4,0,43,0,710,20,21,9,3,1,2,30,113.2,101.88,61.32,0,No complaint,Pay as you go,Non-active,Retained,37+ months,1–25 calls,1–25 SMS,7,High
819,0,0,42,0,0,0,8,0,2,1,2,25,36,32.4,60,1,No complaint,Pay as you go,Non-active,Churned,37+ months,No calls,1–25 SMS,7,High
823,25,1,38,0,955,53,24,18,3,1,2,30,136.32,122.688,63.632,1,Complaint,Pay as you go,Non-active,Churned,37+ months,26–75 calls,1–25 SMS,8,High
828,11,1,41,0,2268,50,42,32,4,1,2,45,162.95,146.655,66.295,1,Complaint,Pay as you go,Non-active,Churned,37+ months,26–75 calls,26–100 SMS,7,High
829,2,0,41,0,133,8,8,3,3,1,2,30,37.64,33.876,60,1,No complaint,Pay as you go,Non-active,Churned,37+ months,1–25 calls,1–25 SMS,7,High
832,2,0,41,0,628,13,17,5,4,1,2,45,58.525,52.6725,60,1,No complaint,Pay as you go,Non-active,Churned,37+ months,1–25 calls,1–25 SMS,7,High
850,5,1,14,2,1487,25,8,8,3,1,1,30,92.48,83.232,60,1,Complaint,Pay as you go,Active,Churned,13–24 months,1–25 calls,1–25 SMS,7,High
852,6,0,40,0,1028,16,15,4,3,1,2,30,101.76,91.584,60.176,0,No complaint,Pay as you go,Non-active,Retained,37+ months,1–25 calls,1–25 SMS,7,High
867,6,0,38,0,1585,25,8,11,2,1,2,25,108.45,97.605,60.845,0,No complaint,Pay as you go,Non-active,Retained,37+ months,1–25 calls,1–25 SMS,7,High
868,8,0,39,0,1420,25,21,8,3,1,2,30,141.8,127.62,64.18,0,No complaint,Pay as you go,Non-active,Retained,37+ months,1–25 calls,1–25 SMS,7,High
869,6,0,38,0,710,11,8,2,2,1,2,25,68.445,61.6005,60,1,No complaint,Pay as you go,Non-active,Churned,37+ months,1–25 calls,1–25 SMS,7,High
873,29,1,34,0,1665,58,24,17,3,1,2,30,164.92,148.428,66.492,1,Complaint,Pay as you go,Non-active,Churned,25–36 months,26–75 calls,1–25 SMS,8,High
877,15,1,36,0,3700,52,17,16,3,1,2,30,218.08,196.272,71.808,1,Complaint,Pay as you go,Non-active,Churned,25–36 months,26–75 calls,1–25 SMS,8,High
878,15,1,37,0,2978,55,42,31,3,1,2,30,289.32,260.388,78.932,1,Complaint,Pay as you go,Non-active,Churned,37+ months,26–75 calls,26–100 SMS,7,High
879,6,0,37,0,843,13,8,2,3,1,2,30,66.24,59.616,60,1,No complaint,Pay as you go,Non-active,Churned,37+ months,1–25 calls,1–25 SMS,7,High
882,6,1,37,0,1338,18,17,4,4,1,2,45,76.4,68.76,60,1,Complaint,Pay as you go,Non-active,Churned,37+ months,1–25 calls,1–25 SMS,10,High
902,0,0,38,0,0,0,0,0,2,1,2,25,0,0,60,0,No complaint,Pay as you go,Non-active,Retained,37+ months,No calls,No SMS,7,High
917,0,0,36,0,165,3,0,11,2,1,2,25,7.56,6.804,60,0,No complaint,Pay as you go,Non-active,Retained,25–36 months,1–25 calls,No SMS,7,High
918,0,0,37,0,0,0,0,0,2,1,2,25,0,0,60,0,No complaint,Pay as you go,Non-active,Retained,37+ months,No calls,No SMS,7,High
919,0,0,36,0,0,0,0,0,2,1,2,25,0,0,60,1,No complaint,Pay as you go,Non-active,Churned,25–36 months,No calls,No SMS,7,High
927,3,1,34,0,2280,30,0,16,2,1,2,25,103.95,93.555,60.395,1,Complaint,Pay as you go,Non-active,Churned,25–36 months,26–75 calls,No SMS,8,High
929,0,0,35,0,0,0,0,0,3,1,2,30,0,0,60,1,No complaint,Pay as you go,Non-active,Churned,25–36 months,No calls,No SMS,7,High
932,0,0,35,0,0,0,0,0,4,1,2,45,0,0,60,1,No complaint,Pay as you go,Non-active,Churned,25–36 months,No calls,No SMS,7,High
941,0,0,26,0,0,0,0,0,2,1,2,25,0,0,60,0,No complaint,Pay as you go,Non-active,Retained,25–36 months,No calls,No SMS,7,High
942,0,0,25,0,0,0,0,0,4,1,2,45,0,0,60,0,No complaint,Pay as you go,Non-active,Retained,25–36 months,No calls,No SMS,7,High
952,0,0,39,0,318,5,7,4,2,1,2,25,46.035,41.4315,60,0,No complaint,Pay as you go,Non-active,Retained,37+ months,1–25 calls,1–25 SMS,7,High
962,9,1,38,0,2238,54,8,17,3,1,2,30,123.68,111.312,62.368,0,Complaint,Pay as you go,Non-active,Retained,37+ months,26–75 calls,1–25 SMS,8,High
967,0,0,37,0,875,14,0,11,2,1,2,25,40.005,36.0045,60,0,No complaint,Pay as you go,Non-active,Retained,37+ months,1–25 calls,No SMS,7,High
968,2,0,38,0,710,14,13,8,3,1,2,30,80.96,72.864,60,0,No complaint,Pay as you go,Non-active,Retained,37+ months,1–25 calls,1–25 SMS,7,High
969,0,0,37,0,0,0,0,0,2,1,2,25,0,0,60,1,No complaint,Pay as you go,Non-active,Churned,37+ months,No calls,No SMS,7,High
977,9,1,35,0,2990,41,9,16,3,1,2,30,157.24,141.516,65.724,1,Complaint,Pay as you go,Non-active,Churned,25–36 months,26–75 calls,1–25 SMS,8,High
979,0,0,36,0,133,2,0,2,3,1,2,30,5.4,4.86,60,1,No complaint,Pay as you go,Non-active,Churned,25–36 months,1–25 calls,No SMS,7,High
982,0,0,36,0,628,7,9,4,4,1,2,45,38.375,34.5375,60,1,No complaint,Pay as you go,Non-active,Churned,25–36 months,1–25 calls,1–25 SMS,7,High
991,11,0,27,0,700,25,10,7,2,1,2,25,77.625,69.8625,60,0,No complaint,Pay as you go,Non-active,Retained,25–36 months,1–25 calls,1–25 SMS,7,High
992,0,0,26,0,825,10,21,3,4,1,2,45,73.375,66.0375,60,0,No complaint,Pay as you go,Non-active,Retained,25–36 months,1–25 calls,1–25 SMS,7,High
1002,0,0,39,0,318,5,7,4,2,1,2,25,46.035,41.4315,60,0,No complaint,Pay as you go,Non-active,Retained,37+ months,1–25 calls,1–25 SMS,7,High
1012,9,1,38,0,2238,54,8,17,3,1,2,30,123.68,111.312,62.368,0,Complaint,Pay as you go,Non-active,Retained,37+ months,26–75 calls,1–25 SMS,8,High
1017,0,0,37,0,875,14,0,11,2,1,2,25,40.005,36.0045,60,0,No complaint,Pay as you go,Non-active,Retained,37+ months,1–25 calls,No SMS,7,High
1018,2,0,38,0,710,14,13,8,3,1,2,30,80.96,72.864,60,0,No complaint,Pay as you go,Non-active,Retained,37+ months,1–25 calls,1–25 SMS,7,High
1019,0,0,37,0,0,0,0,0,2,1,2,25,0,0,60,1,No complaint,Pay as you go,Non-active,Churned,37+ months,No calls,No SMS,7,High
1023,23,1,33,0,955,47,16,17,2,1,2,25,117.09,105.381,61.709,1,Complaint,Pay as you go,Non-active,Churned,25–36 months,26–75 calls,1–25 SMS,8,High
1029,0,0,36,0,133,2,0,2,3,1,2,30,5.4,4.86,60,1,No complaint,Pay as you go,Non-active,Churned,25–36 months,1–25 calls,No SMS,7,High
1032,0,0,36,0,628,7,9,4,4,1,2,45,38.375,34.5375,60,1,No complaint,Pay as you go,Non-active,Churned,25–36 months,1–25 calls,1–25 SMS,7,High
1041,11,0,27,0,700,25,10,7,2,1,2,25,77.625,69.8625,60,0,No complaint,Pay as you go,Non-active,Retained,25–36 months,1–25 calls,1–25 SMS,7,High
1042,0,0,26,0,825,10,21,3,4,1,2,45,73.375,66.0375,60,0,No complaint,Pay as you go,Non-active,Retained,25–36 months,1–25 calls,1–25 SMS,7,High
1050,3,1,9,1,1487,19,0,7,3,1,1,30,60.24,54.216,60,1,Complaint,Pay as you go,Active,Churned,0–12 months,1–25 calls,No SMS,8,High
1052,0,0,37,0,0,0,0,0,2,1,2,25,0,0,60,0,No complaint,Pay as you go,Non-active,Retained,37+ months,No calls,No SMS,7,High
1067,0,0,35,0,570,8,0,9,2,1,2,25,26.01,23.409,60,0,No complaint,Pay as you go,Non-active,Retained,25–36 months,1–25 calls,No SMS,7,High
1068,0,0,36,0,405,8,6,6,2,1,2,25,45.585,41.0265,60,0,No complaint,Pay as you go,Non-active,Retained,25–36 months,1–25 calls,1–25 SMS,7,High
1069,0,0,35,0,0,0,0,0,2,1,2,25,0,0,60,1,No complaint,Pay as you go,Non-active,Churned,25–36 months,No calls,No SMS,7,High
1079,0,1,34,0,0,0,0,0,3,1,2,30,0,0,60,1,Complaint,Pay as you go,Non-active,Churned,25–36 months,No calls,No SMS,10,High
1082,0,0,34,0,323,1,2,2,4,1,2,45,13.1,11.79,60,1,No complaint,Pay as you go,Non-active,Churned,25–36 months,1–25 calls,1–25 SMS,7,High
1091,6,0,25,0,395,19,3,5,2,1,2,25,32.13,28.917,60,0,No complaint,Pay as you go,Non-active,Retained,25–36 months,1–25 calls,1–25 SMS,7,High
1092,0,0,24,0,520,4,14,1,4,1,2,45,48.1,43.29,60,0,No complaint,Pay as you go,Non-active,Retained,13–24 months,1–25 calls,1–25 SMS,7,High
1100,0,1,7,0,1183,13,0,5,2,1,2,25,53.82,48.438,60,1,Complaint,Pay as you go,Non-active,Churned,0–12 months,1–25 calls,No SMS,11,High
1150,1,1,9,1,1243,16,0,7,3,1,1,30,50.36,45.324,60,1,Complaint,Pay as you go,Active,Churned,0–12 months,1–25 calls,No SMS,8,High
1152,0,0,35,0,0,0,0,0,2,1,2,25,0,0,60,0,No complaint,Pay as you go,Non-active,Retained,25–36 months,No calls,No SMS,7,High
1167,0,0,33,0,510,5,0,7,2,1,2,25,23.175,20.8575,60,0,No complaint,Pay as you go,Non-active,Retained,25–36 months,1–25 calls,No SMS,7,High
1168,0,0,34,0,345,5,1,4,2,1,2,25,20.25,18.225,60,0,No complaint,Pay as you go,Non-active,Retained,25–36 months,1–25 calls,1–25 SMS,7,High
1169,0,0,33,0,0,0,0,0,2,1,2,25,0,0,60,1,No complaint,Pay as you go,Non-active,Churned,25–36 months,No calls,No SMS,7,High
1177,1,1,31,0,2625,32,0,12,2,1,2,25,119.565,107.6085,61.9565,1,Complaint,Pay as you go,Non-active,Churned,25–36 months,26–75 calls,No SMS,8,High
1179,0,1,32,0,0,0,0,0,2,1,2,25,0,0,60,1,Complaint,Pay as you go,Non-active,Churned,25–36 months,No calls,No SMS,10,High
1182,0,0,32,0,263,1,0,1,3,1,2,30,10.56,9.504,60,1,No complaint,Pay as you go,Non-active,Churned,25–36 months,1–25 calls,No SMS,7,High
1191,3,0,23,0,335,16,0,3,2,1,2,25,15.795,14.2155,60,0,No complaint,Pay as you go,Non-active,Retained,13–24 months,1–25 calls,No SMS,7,High
1192,0,0,22,0,0,0,9,0,4,1,2,45,22.5,20.25,60,0,No complaint,Pay as you go,Non-active,Retained,13–24 months,No calls,1–25 SMS,7,High
1200,0,1,5,0,1123,10,0,3,2,1,2,25,50.985,45.8865,60,1,Complaint,Pay as you go,Non-active,Churned,0–12 months,1–25 calls,No SMS,11,High
1202,0,0,41,0,93,1,10,6,2,1,2,25,49.23,44.307,60,0,No complaint,Pay as you go,Non-active,Retained,37+ months,1–25 calls,1–25 SMS,7,High
1217,0,0,39,0,650,10,3,13,2,1,2,25,43.2,38.88,60,0,No complaint,Pay as you go,Non-active,Retained,37+ months,1–25 calls,1–25 SMS,7,High
1218,0,0,40,0,485,10,16,10,2,1,2,25,94.275,84.8475,60,0,No complaint,Pay as you go,Non-active,Retained,37+ months,1–25 calls,1–25 SMS,7,High
1219,0,0,39,0,0,0,3,0,2,1,2,25,13.5,12.15,60,1,No complaint,Pay as you go,Non-active,Churned,37+ months,No calls,1–25 SMS,7,High
1227,5,1,37,0,2765,37,12,18,2,1,2,25,180.09,162.081,68.009,1,Complaint,Pay as you go,Non-active,Churned,37+ months,26–75 calls,1–25 SMS,8,High
1229,0,0,38,0,0,0,3,0,3,1,2,30,12,10.8,60,1,No complaint,Pay as you go,Non-active,Churned,37+ months,No calls,1–25 SMS,7,High
1232,0,1,38,0,403,3,12,6,4,1,2,45,40.15,36.135,60,1,Complaint,Pay as you go,Non-active,Churned,37+ months,1–25 calls,1–25 SMS,10,High
1241,7,0,29,0,475,21,13,9,2,1,2,25,80.82,72.738,60,0,No complaint,Pay as you go,Non-active,Retained,25–36 months,1–25 calls,1–25 SMS,7,High
1242,0,0,28,0,600,6,24,5,4,1,2,45,75.15,67.635,60,0,No complaint,Pay as you go,Non-active,Retained,25–36 months,1–25 calls,1–25 SMS,7,High
1250,0,1,11,1,1263,15,3,9,3,1,1,30,63.12,56.808,60,1,Complaint,Pay as you go,Active,Churned,0–12 months,1–25 calls,1–25 SMS,8,High
1252,0,0,33,0,0,0,0,0,2,1,2,25,0,0,60,0,No complaint,Pay as you go,Non-active,Retained,25–36 months,No calls,No SMS,7,High
1267,0,0,31,0,490,6,0,5,2,1,2,25,22.32,20.088,60,0,No complaint,Pay as you go,Non-active,Retained,25–36 months,1–25 calls,No SMS,7,High
1268,0,0,32,0,325,6,0,2,2,1,2,25,14.895,13.4055,60,0,No complaint,Pay as you go,Non-active,Retained,25–36 months,1–25 calls,No SMS,7,High
1269,0,0,31,0,0,0,0,0,2,1,2,25,0,0,60,1,No complaint,Pay as you go,Non-active,Churned,25–36 months,No calls,No SMS,7,High
1277,3,1,29,0,2605,33,0,10,2,1,2,25,118.71,106.839,61.871,1,Complaint,Pay as you go,Non-active,Churned,25–36 months,26–75 calls,No SMS,8,High
1279,0,0,30,0,0,0,0,0,2,1,2,25,0,0,60,1,No complaint,Pay as you go,Non-active,Churned,25–36 months,No calls,No SMS,7,High
1282,0,1,30,0,0,0,0,0,4,1,2,45,0,0,60,1,Complaint,Pay as you go,Non-active,Churned,25–36 months,No calls,No SMS,10,High
1291,5,0,21,0,315,17,0,1,2,1,2,25,14.94,13.446,60,0,No complaint,Pay as you go,Non-active,Retained,13–24 months,1–25 calls,No SMS,7,High
1292,0,0,20,0,0,0,4,0,4,1,2,45,10,9,60,0,No complaint,Pay as you go,Non-active,Retained,13–24 months,No calls,1–25 SMS,7,High
1302,0,0,43,0,273,9,15,8,2,1,2,25,80.19,72.171,60,0,No complaint,Pay as you go,Non-active,Retained,37+ months,1–25 calls,1–25 SMS,7,High
1312,9,1,42,0,2193,58,16,21,3,1,2,30,154.04,138.636,65.404,0,Complaint,Pay as you go,Non-active,Retained,37+ months,26–75 calls,1–25 SMS,8,High
1317,0,0,41,0,830,18,8,15,2,1,2,25,74.16,66.744,60,0,No complaint,Pay as you go,Non-active,Retained,37+ months,1–25 calls,1–25 SMS,7,High
1318,2,0,42,0,665,18,21,12,3,1,2,30,111.32,100.188,61.132,0,No complaint,Pay as you go,Non-active,Retained,37+ months,1–25 calls,1–25 SMS,7,High
1319,0,0,41,0,0,0,8,0,2,1,2,25,36,32.4,60,1,No complaint,Pay as you go,Non-active,Churned,37+ months,No calls,1–25 SMS,7,High
1323,23,1,37,0,910,51,24,21,2,1,2,25,151.245,136.1205,65.1245,1,Complaint,Pay as you go,Non-active,Churned,37+ months,26–75 calls,1–25 SMS,8,High
1327,9,1,39,0,2945,45,17,20,3,1,2,30,187.6,168.84,68.76,1,Complaint,Pay as you go,Non-active,Churned,37+ months,26–75 calls,1–25 SMS,8,High
1329,0,0,40,0,88,6,8,6,3,1,2,30,35.76,32.184,60,1,No complaint,Pay as you go,Non-active,Churned,37+ months,1–25 calls,1–25 SMS,7,High
1332,0,1,40,0,583,11,17,8,4,1,2,45,57.35,51.615,60,1,Complaint,Pay as you go,Non-active,Churned,37+ months,1–25 calls,1–25 SMS,10,High
1352,0,0,31,0,0,0,0,0,2,1,2,25,0,0,60,0,No complaint,Pay as you go,Non-active,Retained,25–36 months,No calls,No SMS,7,High
1367,0,0,29,0,0,0,0,0,2,1,2,25,0,0,60,0,No complaint,Pay as you go,Non-active,Retained,25–36 months,No calls,No SMS,7,High
1368,0,0,30,0,0,0,0,0,2,1,2,25,0,0,60,0,No complaint,Pay as you go,Non-active,Retained,25–36 months,No calls,No SMS,7,High
1369,0,0,29,0,0,0,0,0,2,1,2,25,0,0,60,1,No complaint,Pay as you go,Non-active,Churned,25–36 months,No calls,No SMS,7,High
1373,13,1,25,0,390,31,0,9,2,1,2,25,18.945,17.0505,60,1,Complaint,Pay as you go,Non-active,Churned,25–36 months,26–75 calls,No SMS,8,High
1377,0,1,27,0,2425,25,0,8,2,1,2,25,110.25,99.225,61.025,1,Complaint,Pay as you go,Non-active,Churned,25–36 months,1–25 calls,No SMS,10,High
1378,0,1,28,0,1703,28,12,23,3,1,2,30,117.24,105.516,61.724,1,Complaint,Pay as you go,Non-active,Churned,25–36 months,26–75 calls,1–25 SMS,8,High
1379,0,0,28,0,0,0,0,0,2,1,2,25,0,0,60,1,No complaint,Pay as you go,Non-active,Churned,25–36 months,No calls,No SMS,7,High
1382,0,0,28,0,0,0,0,0,3,1,2,30,0,0,60,1,No complaint,Pay as you go,Non-active,Churned,25–36 months,No calls,No SMS,7,High
1383,0,1,28,0,0,0,0,0,4,1,1,45,0,0,60,1,Complaint,Pay as you go,Active,Churned,25–36 months,No calls,No SMS,7,High
1391,0,0,19,0,0,0,0,0,2,1,2,25,0,0,60,0,No complaint,Pay as you go,Non-active,Retained,13–24 months,No calls,No SMS,7,High
1392,0,0,18,0,0,0,0,0,4,1,2,45,0,0,60,0,No complaint,Pay as you go,Non-active,Retained,13–24 months,No calls,No SMS,7,High
1402,0,0,40,0,193,7,11,7,2,1,2,25,58.5,52.65,60,0,No complaint,Pay as you go,Non-active,Retained,37+ months,1–25 calls,1–25 SMS,7,High
1417,0,0,38,0,750,16,4,14,2,1,2,25,52.47,47.223,60,0,No complaint,Pay as you go,Non-active,Retained,37+ months,1–25 calls,1–25 SMS,7,High
1418,0,0,39,0,585,16,17,11,2,1,2,25,103.545,93.1905,60.3545,0,No complaint,Pay as you go,Non-active,Retained,37+ months,1–25 calls,1–25 SMS,7,High
1419,0,0,38,0,0,0,4,0,2,1,2,25,18,16.2,60,1,No complaint,Pay as you go,Non-active,Churned,37+ months,No calls,1–25 SMS,7,High
1423,20,1,34,0,830,49,20,20,2,1,2,25,129.555,116.5995,62.9555,1,Complaint,Pay as you go,Non-active,Churned,25–36 months,26–75 calls,1–25 SMS,8,High
1427,6,1,36,0,2865,43,13,19,2,1,2,25,189.36,170.424,68.936,1,Complaint,Pay as you go,Non-active,Churned,25–36 months,26–75 calls,1–25 SMS,8,High
1428,6,1,37,0,2143,46,38,34,3,1,2,30,239.56,215.604,73.956,1,Complaint,Pay as you go,Non-active,Churned,37+ months,26–75 calls,26–100 SMS,7,High
1429,0,0,37,0,8,4,4,5,3,1,2,30,16.48,14.832,60,1,No complaint,Pay as you go,Non-active,Churned,37+ months,1–25 calls,1–25 SMS,7,High
1432,0,1,37,0,503,9,13,7,4,1,2,45,45.3,40.77,60,1,Complaint,Pay as you go,Non-active,Churned,37+ months,1–25 calls,1–25 SMS,10,High
1442,0,0,27,0,700,12,25,6,4,1,2,45,80.3,72.27,60,0,No complaint,Pay as you go,Non-active,Retained,25–36 months,1–25 calls,1–25 SMS,7,High
1450,0,1,10,0,1363,21,4,10,2,1,1,25,80.28,72.252,60,1,Complaint,Pay as you go,Active,Churned,0–12 months,1–25 calls,1–25 SMS,8,High
1452,0,0,34,0,0,0,0,0,2,1,2,25,0,0,60,0,No complaint,Pay as you go,Non-active,Retained,25–36 months,No calls,No SMS,7,High
1467,0,0,32,0,0,0,0,0,2,1,2,25,0,0,60,0,No complaint,Pay as you go,Non-active,Retained,25–36 months,No calls,No SMS,7,High
1468,0,0,33,0,0,0,0,0,2,1,2,25,0,0,60,0,No complaint,Pay as you go,Non-active,Retained,25–36 months,No calls,No SMS,7,High
1469,0,0,32,0,0,0,0,0,2,1,2,25,0,0,60,1,No complaint,Pay as you go,Non-active,Churned,25–36 months,No calls,No SMS,7,High
1477,2,1,30,0,2505,27,0,9,2,1,2,25,113.94,102.546,61.394,1,Complaint,Pay as you go,Non-active,Churned,25–36 months,26–75 calls,No SMS,8,High
1479,0,0,31,0,0,0,0,0,3,1,2,30,0,0,60,1,No complaint,Pay as you go,Non-active,Churned,25–36 months,No calls,No SMS,7,High
1482,0,0,31,0,0,0,0,0,4,1,2,45,0,0,60,1,No complaint,Pay as you go,Non-active,Churned,25–36 months,No calls,No SMS,7,High
1491,4,0,22,0,215,11,0,3,2,1,2,25,10.17,9.153,60,0,No complaint,Pay as you go,Non-active,Retained,13–24 months,1–25 calls,No SMS,7,High
1492,0,0,21,0,0,0,3,0,4,1,2,45,7.5,6.75,60,0,No complaint,Pay as you go,Non-active,Retained,13–24 months,No calls,1–25 SMS,7,High
1502,0,0,37,0,613,9,21,17,2,1,2,25,122.49,110.241,62.249,0,No complaint,Pay as you go,Non-active,Retained,37+ months,1–25 calls,1–25 SMS,7,High
1517,0,0,35,0,1170,18,14,24,2,1,2,25,116.46,104.814,61.646,0,No complaint,Pay as you go,Non-active,Retained,25–36 months,1–25 calls,1–25 SMS,7,High
1519,0,1,35,0,295,4,14,13,2,1,2,25,76.455,68.8095,60,1,Complaint,Pay as you go,Non-active,Churned,25–36 months,1–25 calls,1–25 SMS,10,High
1528,8,1,34,0,2563,48,48,44,3,1,2,30,296.44,266.796,79.644,1,Complaint,Pay as you go,Non-active,Churned,25–36 months,26–75 calls,26–100 SMS,7,High
1529,0,0,34,0,428,6,14,15,3,1,2,30,73.36,66.024,60,1,No complaint,Pay as you go,Non-active,Churned,25–36 months,1–25 calls,1–25 SMS,7,High
1532,0,0,34,0,923,11,23,17,4,1,2,45,80.85,72.765,60,1,No complaint,Pay as you go,Non-active,Churned,25–36 months,1–25 calls,1–25 SMS,7,High
1537,2,1,33,0,1960,48,52,33,3,1,2,30,288.32,259.488,78.832,1,Complaint,Pay as you go,Non-active,Churned,25–36 months,26–75 calls,26–100 SMS,7,High
1550,2,1,7,2,1783,23,14,20,3,1,1,30,128.24,115.416,62.824,1,Complaint,Pay as you go,Active,Churned,0–12 months,1–25 calls,1–25 SMS,8,High
1552,0,0,37,0,0,0,0,0,2,1,2,25,0,0,60,0,No complaint,Pay as you go,Non-active,Retained,37+ months,No calls,No SMS,7,High
1567,0,0,35,0,0,0,0,0,2,1,2,25,0,0,60,0,No complaint,Pay as you go,Non-active,Retained,25–36 months,No calls,No SMS,7,High
1568,0,0,36,0,0,0,0,0,2,1,2,25,0,0,60,0,No complaint,Pay as you go,Non-active,Retained,25–36 months,No calls,No SMS,7,High
1569,0,0,35,0,0,0,0,0,2,1,2,25,0,0,60,1,No complaint,Pay as you go,Non-active,Churned,25–36 months,No calls,No SMS,7,High
1573,7,0,31,0,50,2,0,1,2,1,2,25,2.34,2.106,60,1,No complaint,Pay as you go,Non-active,Churned,25–36 months,1–25 calls,No SMS,7,High
1577,0,0,33,0,2085,25,0,9,2,1,2,25,94.95,85.455,60,1,No complaint,Pay as you go,Non-active,Churned,25–36 months,1–25 calls,No SMS,7,High
1578,0,1,34,0,1363,28,6,14,3,1,2,30,79.64,71.676,60,1,Complaint,Pay as you go,Non-active,Churned,25–36 months,26–75 calls,1–25 SMS,8,High
1579,0,0,34,0,0,0,0,0,2,1,2,25,0,0,60,1,No complaint,Pay as you go,Non-active,Churned,25–36 months,No calls,No SMS,7,High
1582,0,1,34,0,0,0,0,0,4,1,2,45,0,0,60,1,Complaint,Pay as you go,Non-active,Churned,25–36 months,No calls,No SMS,10,High
1591,0,0,25,0,0,0,0,0,2,1,2,25,0,0,60,0,No complaint,Pay as you go,Non-active,Retained,25–36 months,No calls,No SMS,7,High
1592,0,0,24,0,0,0,0,0,4,1,2,45,0,0,60,0,No complaint,Pay as you go,Non-active,Retained,13–24 months,No calls,No SMS,7,High
1617,0,0,36,0,685,14,25,13,2,1,2,25,143.955,129.5595,64.3955,0,No complaint,Pay as you go,Non-active,Retained,25–36 months,1–25 calls,1–25 SMS,7,High
1619,0,0,36,0,0,0,25,0,2,1,2,25,112.5,101.25,61.25,1,No complaint,Pay as you go,Non-active,Churned,25–36 months,No calls,1–25 SMS,7,High
1627,4,1,34,0,2800,41,34,18,3,1,2,30,249.64,224.676,74.964,1,Complaint,Pay as you go,Non-active,Churned,25–36 months,26–75 calls,26–100 SMS,7,High
1629,0,0,35,0,0,0,25,0,3,1,2,30,100,90,60,1,No complaint,Pay as you go,Non-active,Churned,25–36 months,No calls,1–25 SMS,7,High
1650,0,1,8,1,1298,19,25,9,3,1,1,30,152.68,137.412,65.268,1,Complaint,Pay as you go,Active,Churned,0–12 months,1–25 calls,1–25 SMS,8,High
1652,0,0,36,0,0,0,0,0,2,1,2,25,0,0,60,0,No complaint,Pay as you go,Non-active,Retained,25–36 months,No calls,No SMS,7,High
1667,0,0,34,0,455,2,0,5,2,1,2,25,20.565,18.5085,60,0,No complaint,Pay as you go,Non-active,Retained,25–36 months,1–25 calls,No SMS,7,High
1668,0,0,35,0,290,2,0,2,2,1,2,25,13.14,11.826,60,0,No complaint,Pay as you go,Non-active,Retained,25–36 months,1–25 calls,No SMS,7,High
1669,0,0,34,0,0,0,0,0,2,1,2,25,0,0,60,1,No complaint,Pay as you go,Non-active,Churned,25–36 months,No calls,No SMS,7,High
1677,4,1,32,0,2570,29,0,10,2,1,2,25,116.955,105.2595,61.6955,1,Complaint,Pay as you go,Non-active,Churned,25–36 months,26–75 calls,No SMS,8,High
1679,0,0,33,0,0,0,0,0,2,1,2,25,0,0,60,1,No complaint,Pay as you go,Non-active,Churned,25–36 months,No calls,No SMS,7,High
1682,0,0,33,0,0,0,0,0,3,1,2,30,0,0,60,1,No complaint,Pay as you go,Non-active,Churned,25–36 months,No calls,No SMS,7,High
1691,6,0,24,0,280,13,0,1,2,1,2,25,13.185,11.8665,60,0,No complaint,Pay as you go,Non-active,Retained,13–24 months,1–25 calls,No SMS,7,High
1692,0,0,23,0,0,0,0,0,4,1,2,45,0,0,60,0,No complaint,Pay as you go,Non-active,Retained,13–24 months,No calls,No SMS,7,High
1700,0,1,6,0,1068,7,0,1,2,1,1,25,48.375,43.5375,60,1,Complaint,Pay as you go,Active,Churned,0–12 months,1–25 calls,No SMS,8,High
1702,0,0,37,0,0,0,9,0,2,1,2,25,40.5,36.45,60,0,No complaint,Pay as you go,Non-active,Retained,37+ months,No calls,1–25 SMS,7,High
1712,6,1,36,0,2123,49,10,18,3,1,2,30,126.88,114.192,62.688,0,Complaint,Pay as you go,Non-active,Retained,25–36 months,26–75 calls,1–25 SMS,8,High
1717,0,0,35,0,760,9,2,12,2,1,2,25,43.605,39.2445,60,0,No complaint,Pay as you go,Non-active,Retained,25–36 months,1–25 calls,1–25 SMS,7,High
1718,0,0,36,0,595,9,15,9,2,1,2,25,94.68,85.212,60,0,No complaint,Pay as you go,Non-active,Retained,25–36 months,1–25 calls,1–25 SMS,7,High
1719,0,0,35,0,0,0,2,0,2,1,2,25,9,8.1,60,1,No complaint,Pay as you go,Non-active,Churned,25–36 months,No calls,1–25 SMS,7,High
1728,6,1,34,0,2153,39,36,32,3,1,2,30,231.68,208.512,73.168,1,Complaint,Pay as you go,Non-active,Churned,25–36 months,26–75 calls,26–100 SMS,7,High
1729,0,0,34,0,0,0,2,0,3,1,2,30,8,7.2,60,1,No complaint,Pay as you go,Non-active,Churned,25–36 months,No calls,1–25 SMS,7,High
1732,0,0,34,0,513,2,11,5,4,1,2,45,40.375,36.3375,60,1,No complaint,Pay as you go,Non-active,Churned,25–36 months,1–25 calls,1–25 SMS,7,High
1741,8,0,25,0,585,20,12,8,2,1,2,25,81.225,73.1025,60,0,No complaint,Pay as you go,Non-active,Retained,25–36 months,1–25 calls,1–25 SMS,7,High
1742,0,0,24,0,710,5,23,4,4,1,2,45,75.375,67.8375,60,0,No complaint,Pay as you go,Non-active,Retained,13–24 months,1–25 calls,1–25 SMS,7,High
1750,0,1,7,0,1372,14,2,8,2,1,1,25,71.37,64.233,60,1,Complaint,Pay as you go,Active,Churned,0–12 months,1–25 calls,1–25 SMS,8,High
1752,0,0,37,0,0,0,0,0,2,1,2,25,0,0,60,0,No complaint,Pay as you go,Non-active,Retained,37+ months,No calls,No SMS,7,High
1767,0,0,35,0,380,7,0,6,2,1,2,25,17.415,15.6735,60,0,No complaint,Pay as you go,Non-active,Retained,25–36 months,1–25 calls,No SMS,7,High
1768,0,0,36,0,215,7,0,3,2,1,2,25,9.99,8.991,60,0,No complaint,Pay as you go,Non-active,Retained,25–36 months,1–25 calls,No SMS,7,High
1769,0,0,35,0,0,0,0,0,2,1,2,25,0,0,60,1,No complaint,Pay as you go,Non-active,Churned,25–36 months,No calls,No SMS,7,High
1773,16,1,31,0,460,40,0,12,2,1,2,25,22.5,20.25,60,1,Complaint,Pay as you go,Non-active,Churned,25–36 months,26–75 calls,No SMS,8,High
1777,2,1,33,0,2495,34,0,11,2,1,2,25,113.805,102.4245,61.3805,1,Complaint,Pay as you go,Non-active,Churned,25–36 months,26–75 calls,No SMS,8,High
1779,0,0,34,0,0,0,0,0,3,1,2,30,0,0,60,1,No complaint,Pay as you go,Non-active,Churned,25–36 months,No calls,No SMS,7,High
1782,0,0,34,0,0,0,0,0,4,1,2,45,0,0,60,1,No complaint,Pay as you go,Non-active,Churned,25–36 months,No calls,No SMS,7,High
1791,4,0,25,0,205,18,0,2,2,1,2,25,10.035,9.0315,60,0,No complaint,Pay as you go,Non-active,Retained,25–36 months,1–25 calls,No SMS,7,High
1792,0,0,24,0,0,0,5,0,4,1,2,45,12.5,11.25,60,0,No complaint,Pay as you go,Non-active,Retained,13–24 months,No calls,1–25 SMS,7,High
1802,0,0,32,0,0,0,0,0,2,1,2,25,0,0,60,0,No complaint,Pay as you go,Non-active,Retained,25–36 months,No calls,No SMS,7,High
1817,0,0,30,0,570,2,0,8,2,1,2,25,25.74,23.166,60,0,No complaint,Pay as you go,Non-active,Retained,25–36 months,1–25 calls,No SMS,7,High
1818,0,0,31,0,405,2,0,5,2,1,2,25,18.315,16.4835,60,0,No complaint,Pay as you go,Non-active,Retained,25–36 months,1–25 calls,No SMS,7,High
1819,0,0,30,0,0,0,0,0,2,1,2,25,0,0,60,1,No complaint,Pay as you go,Non-active,Churned,25–36 months,No calls,No SMS,7,High
1829,0,0,29,0,0,0,0,0,2,1,2,25,0,0,60,1,No complaint,Pay as you go,Non-active,Churned,25–36 months,No calls,No SMS,7,High
1832,0,0,29,0,0,0,0,0,3,1,2,30,0,0,60,1,No complaint,Pay as you go,Non-active,Churned,25–36 months,No calls,No SMS,7,High
1841,4,0,20,0,395,13,0,4,2,1,2,25,18.36,16.524,60,0,No complaint,Pay as you go,Non-active,Retained,13–24 months,1–25 calls,No SMS,7,High
1842,0,0,19,0,520,4,6,2,4,1,2,45,28.1,25.29,60,0,No complaint,Pay as you go,Non-active,Retained,13–24 months,1–25 calls,1–25 SMS,7,High
1852,0,0,42,0,13,5,8,3,3,1,2,30,32.72,29.448,60,0,No complaint,Pay as you go,Non-active,Retained,37+ months,1–25 calls,1–25 SMS,7,High
1867,0,0,40,0,570,14,1,10,2,1,2,25,30.78,27.702,60,0,No complaint,Pay as you go,Non-active,Retained,37+ months,1–25 calls,1–25 SMS,7,High
1868,0,0,41,0,405,14,14,7,3,1,2,30,72.76,65.484,60,0,No complaint,Pay as you go,Non-active,Retained,37+ months,1–25 calls,1–25 SMS,7,High
1869,0,0,40,0,0,0,1,0,2,1,2,25,4.5,4.05,60,1,No complaint,Pay as you go,Non-active,Churned,37+ months,No calls,1–25 SMS,7,High
1877,6,1,38,0,2685,41,10,15,3,1,2,30,149.04,134.136,64.904,1,Complaint,Pay as you go,Non-active,Churned,37+ months,26–75 calls,1–25 SMS,8,High
1879,0,0,39,0,0,0,1,0,3,1,2,30,4,3.6,60,1,No complaint,Pay as you go,Non-active,Churned,37+ months,No calls,1–25 SMS,7,High
1882,0,0,39,0,323,7,10,3,4,1,2,45,33.25,29.925,60,1,No complaint,Pay as you go,Non-active,Churned,37+ months,1–25 calls,1–25 SMS,7,High
1891,8,0,30,0,395,25,11,6,3,1,2,30,60.8,54.72,60,0,No complaint,Pay as you go,Non-active,Retained,25–36 months,1–25 calls,1–25 SMS,7,High
1892,0,0,29,0,520,10,22,2,4,1,2,45,68.25,61.425,60,0,No complaint,Pay as you go,Non-active,Retained,25–36 months,1–25 calls,1–25 SMS,7,High
1902,1,0,38,0,723,10,8,2,2,1,2,25,68.985,62.0865,60,0,No complaint,Pay as you go,Non-active,Retained,37+ months,1–25 calls,1–25 SMS,7,High
1917,1,0,36,0,1280,19,1,9,2,1,2,25,62.955,56.6595,60,0,No complaint,Pay as you go,Non-active,Retained,25–36 months,1–25 calls,1–25 SMS,7,High
1918,3,0,37,0,1115,19,14,6,2,1,2,25,114.03,102.627,61.403,0,No complaint,Pay as you go,Non-active,Retained,37+ months,1–25 calls,1–25 SMS,7,High
1919,0,0,36,0,0,0,1,0,2,1,2,25,4.5,4.05,60,1,No complaint,Pay as you go,Non-active,Churned,25–36 months,No calls,1–25 SMS,7,High
1928,10,1,35,0,2673,49,35,29,3,1,2,30,248.88,223.992,74.888,1,Complaint,Pay as you go,Non-active,Churned,25–36 months,26–75 calls,26–100 SMS,7,High
1929,1,0,35,0,538,7,1,1,3,1,2,30,25.8,23.22,60,1,No complaint,Pay as you go,Non-active,Churned,25–36 months,1–25 calls,1–25 SMS,7,High
1932,1,0,35,0,1033,12,10,2,4,1,2,45,51.125,46.0125,60,1,No complaint,Pay as you go,Non-active,Churned,25–36 months,1–25 calls,1–25 SMS,7,High
1942,1,0,25,0,1230,15,22,1,4,1,2,45,86.125,77.5125,60,0,No complaint,Pay as you go,Non-active,Retained,25–36 months,1–25 calls,1–25 SMS,7,High
1952,0,0,36,0,0,0,0,0,2,1,2,25,0,0,60,0,No complaint,Pay as you go,Non-active,Retained,25–36 months,No calls,No SMS,7,High
1967,0,0,34,0,0,0,0,0,2,1,2,25,0,0,60,0,No complaint,Pay as you go,Non-active,Retained,25–36 months,No calls,No SMS,7,High
1968,0,0,35,0,0,0,0,0,2,1,2,25,0,0,60,0,No complaint,Pay as you go,Non-active,Retained,25–36 months,No calls,No SMS,7,High
1969,0,0,34,0,0,0,0,0,2,1,2,25,0,0,60,1,No complaint,Pay as you go,Non-active,Churned,25–36 months,No calls,No SMS,7,High
1973,0,1,30,0,0,0,0,0,2,1,2,25,0,0,60,1,Complaint,Pay as you go,Non-active,Churned,25–36 months,No calls,No SMS,10,High
1977,0,0,32,0,1975,24,0,14,2,1,2,25,89.955,80.9595,60,1,No complaint,Pay as you go,Non-active,Churned,25–36 months,1–25 calls,No SMS,7,High
1979,0,1,33,0,0,0,0,0,2,1,2,25,0,0,60,1,Complaint,Pay as you go,Non-active,Churned,25–36 months,No calls,No SMS,10,High
1982,0,0,33,0,0,0,0,0,3,1,2,30,0,0,60,1,No complaint,Pay as you go,Non-active,Churned,25–36 months,No calls,No SMS,7,High
1991,0,0,24,0,0,0,0,0,2,1,2,25,0,0,60,0,No complaint,Pay as you go,Non-active,Retained,13–24 months,No calls,No SMS,7,High
1992,0,0,23,0,0,0,0,0,4,1,2,45,0,0,60,0,No complaint,Pay as you go,Non-active,Retained,13–24 months,No calls,No SMS,7,High
2002,0,0,37,0,0,0,0,0,2,1,2,25,0,0,60,0,No complaint,Pay as you go,Non-active,Retained,37+ months,No calls,No SMS,7,High
2017,0,0,35,0,570,8,0,9,2,1,2,25,26.01,23.409,60,0,No complaint,Pay as you go,Non-active,Retained,25–36 months,1–25 calls,No SMS,7,High
2018,0,0,36,0,405,8,6,6,2,1,2,25,45.585,41.0265,60,0,No complaint,Pay as you go,Non-active,Retained,25–36 months,1–25 calls,1–25 SMS,7,High
2019,0,1,35,0,0,0,0,0,2,1,2,25,0,0,60,1,Complaint,Pay as you go,Non-active,Churned,25–36 months,No calls,No SMS,10,High
2028,4,1,34,0,1963,38,27,29,3,1,2,30,188.04,169.236,68.804,1,Complaint,Pay as you go,Non-active,Churned,25–36 months,26–75 calls,26–100 SMS,7,High
2029,0,0,34,0,0,0,0,0,3,1,2,30,0,0,60,1,No complaint,Pay as you go,Non-active,Churned,25–36 months,No calls,No SMS,7,High
2032,0,1,34,0,323,1,2,2,4,1,2,45,13.1,11.79,60,1,Complaint,Pay as you go,Non-active,Churned,25–36 months,1–25 calls,1–25 SMS,10,High
2041,6,0,25,0,395,19,3,5,2,1,2,25,32.13,28.917,60,0,No complaint,Pay as you go,Non-active,Retained,25–36 months,1–25 calls,1–25 SMS,7,High
2042,0,0,24,0,520,4,14,1,4,1,2,45,48.1,43.29,60,0,No complaint,Pay as you go,Non-active,Retained,13–24 months,1–25 calls,1–25 SMS,7,High
2052,0,0,37,0,0,0,0,0,2,1,2,25,0,0,60,0,No complaint,Pay as you go,Non-active,Retained,37+ months,No calls,No SMS,7,High
2067,0,0,35,0,570,8,0,9,2,1,2,25,26.01,23.409,60,0,No complaint,Pay as you go,Non-active,Retained,25–36 months,1–25 calls,No SMS,7,High
2068,0,0,36,0,405,8,6,6,2,1,2,25,45.585,41.0265,60,0,No complaint,Pay as you go,Non-active,Retained,25–36 months,1–25 calls,1–25 SMS,7,High
2069,0,0,35,0,0,0,0,0,2,1,2,25,0,0,60,1,No complaint,Pay as you go,Non-active,Churned,25–36 months,No calls,No SMS,7,High
2073,18,1,31,0,650,41,9,15,2,1,2,25,71.595,64.4355,60,1,Complaint,Pay as you go,Non-active,Churned,25–36 months,26–75 calls,1–25 SMS,8,High
2077,4,1,33,0,2685,35,2,14,2,1,2,25,131.4,118.26,63.14,1,Complaint,Pay as you go,Non-active,Churned,25–36 months,26–75 calls,1–25 SMS,8,High
2079,0,1,34,0,0,0,0,0,3,1,2,30,0,0,60,1,Complaint,Pay as you go,Non-active,Churned,25–36 months,No calls,No SMS,10,High
2082,0,0,34,0,323,1,2,2,4,1,2,45,13.1,11.79,60,1,No complaint,Pay as you go,Non-active,Churned,25–36 months,1–25 calls,1–25 SMS,7,High
2091,6,0,25,0,395,19,3,5,2,1,2,25,32.13,28.917,60,0,No complaint,Pay as you go,Non-active,Retained,25–36 months,1–25 calls,1–25 SMS,7,High
2092,0,0,24,0,520,4,14,1,4,1,2,45,48.1,43.29,60,0,No complaint,Pay as you go,Non-active,Retained,13–24 months,1–25 calls,1–25 SMS,7,High
2102,5,0,41,0,623,11,14,6,3,1,2,30,81.36,73.224,60,0,No complaint,Pay as you go,Non-active,Retained,37+ months,1–25 calls,1–25 SMS,7,High
2112,14,1,40,0,2543,60,15,19,3,1,2,30,164.12,147.708,66.412,0,Complaint,Pay as you go,Non-active,Retained,37+ months,26–75 calls,1–25 SMS,8,High
2117,5,0,39,0,1180,20,7,13,2,1,2,25,85.5,76.95,60,0,No complaint,Pay as you go,Non-active,Retained,37+ months,1–25 calls,1–25 SMS,7,High
2118,7,0,40,0,1015,20,20,10,3,1,2,30,121.4,109.26,62.14,0,No complaint,Pay as you go,Non-active,Retained,37+ months,1–25 calls,1–25 SMS,7,High
2119,5,0,39,0,305,6,7,2,2,1,2,25,45.495,40.9455,60,1,No complaint,Pay as you go,Non-active,Churned,37+ months,1–25 calls,1–25 SMS,7,High
2127,14,1,37,0,3295,47,16,18,3,1,2,30,197.68,177.912,69.768,1,Complaint,Pay as you go,Non-active,Churned,37+ months,26–75 calls,1–25 SMS,8,High
2128,14,1,38,0,2573,50,41,33,4,1,2,45,168.075,151.2675,66.8075,1,Complaint,Pay as you go,Non-active,Churned,37+ months,26–75 calls,26–100 SMS,7,High
2129,5,0,38,0,438,8,7,4,3,1,2,30,45.84,41.256,60,1,No complaint,Pay as you go,Non-active,Churned,37+ months,1–25 calls,1–25 SMS,7,High
2132,5,0,38,0,933,13,16,6,4,1,2,45,63.65,57.285,60,1,No complaint,Pay as you go,Non-active,Churned,37+ months,1–25 calls,1–25 SMS,7,High
2150,8,1,11,2,1793,25,7,9,3,1,1,30,100.72,90.648,60.072,1,Complaint,Pay as you go,Active,Churned,0–12 months,1–25 calls,1–25 SMS,8,High
2182,8,1,40,2,993,16,21,8,4,1,1,45,77.725,69.9525,60,1,Complaint,Pay as you go,Active,Churned,37+ months,1–25 calls,1–25 SMS,7,High
2202,5,0,39,0,563,8,9,4,3,1,2,30,58.84,52.956,60,0,No complaint,Pay as you go,Non-active,Retained,37+ months,1–25 calls,1–25 SMS,7,High
2217,5,0,37,0,1120,17,7,11,2,1,2,25,82.665,74.3985,60,0,No complaint,Pay as you go,Non-active,Retained,37+ months,1–25 calls,1–25 SMS,7,High
2218,5,0,38,0,955,17,15,8,3,1,2,30,98.88,88.992,60,0,No complaint,Pay as you go,Non-active,Retained,37+ months,1–25 calls,1–25 SMS,7,High
2219,5,0,37,0,305,6,7,2,2,1,2,25,45.495,40.9455,60,1,No complaint,Pay as you go,Non-active,Churned,37+ months,1–25 calls,1–25 SMS,7,High
2223,25,1,33,0,1200,50,18,17,3,1,2,30,122,109.8,62.2,1,Complaint,Pay as you go,Non-active,Churned,25–36 months,26–75 calls,1–25 SMS,8,High
2228,11,1,36,0,2513,47,36,31,3,1,2,30,246.4,221.76,74.64,1,Complaint,Pay as you go,Non-active,Churned,25–36 months,26–75 calls,26–100 SMS,7,High
2229,5,0,36,0,305,6,7,2,3,1,2,30,40.44,36.396,60,1,No complaint,Pay as you go,Non-active,Churned,25–36 months,1–25 calls,1–25 SMS,7,High
2232,5,0,36,0,873,10,11,4,4,1,2,45,49.575,44.6175,60,1,No complaint,Pay as you go,Non-active,Churned,25–36 months,1–25 calls,1–25 SMS,7,High
2242,5,0,26,0,1070,13,23,3,4,1,2,45,84.575,76.1175,60,0,No complaint,Pay as you go,Non-active,Retained,25–36 months,1–25 calls,1–25 SMS,7,High
2250,5,1,9,1,1733,22,7,7,3,1,1,30,98.2,88.38,60,1,Complaint,Pay as you go,Active,Churned,0–12 months,1–25 calls,1–25 SMS,8,High
2252,6,0,45,0,703,13,24,10,3,1,2,30,124.64,112.176,62.464,0,No complaint,Pay as you go,Non-active,Retained,37+ months,1–25 calls,1–25 SMS,7,High
2262,15,1,44,0,2623,62,25,23,3,1,2,30,207.4,186.66,70.74,0,Complaint,Pay as you go,Non-active,Retained,37+ months,26–75 calls,1–25 SMS,8,High
2267,6,0,43,0,1260,22,17,17,2,1,2,25,134.19,120.771,63.419,0,No complaint,Pay as you go,Non-active,Retained,37+ months,1–25 calls,1–25 SMS,7,High
2269,6,0,43,0,385,8,17,6,2,1,2,25,94.185,84.7665,60,1,No complaint,Pay as you go,Non-active,Churned,37+ months,1–25 calls,1–25 SMS,7,High
2273,29,1,39,0,1340,55,33,23,3,1,2,30,187.8,169.02,68.78,1,Complaint,Pay as you go,Non-active,Churned,37+ months,26–75 calls,26–100 SMS,7,High
2277,15,1,41,0,3375,49,26,22,3,1,2,30,240.96,216.864,74.096,1,Complaint,Pay as you go,Non-active,Churned,37+ months,26–75 calls,26–100 SMS,7,High
2278,15,1,42,0,2653,52,51,37,4,1,2,45,195.125,175.6125,69.5125,1,Complaint,Pay as you go,Non-active,Churned,37+ months,26–75 calls,26–100 SMS,7,High
2279,6,0,42,0,518,10,17,8,3,1,2,30,89.12,80.208,60,1,No complaint,Pay as you go,Non-active,Churned,37+ months,1–25 calls,1–25 SMS,7,High
2282,6,1,42,0,1013,15,26,10,4,1,2,45,90.7,81.63,60,1,Complaint,Pay as you go,Non-active,Churned,37+ months,1–25 calls,26–100 SMS,9,High
2287,9,1,41,0,2050,52,55,26,4,1,2,45,190.05,171.045,69.005,0,Complaint,Pay as you go,Non-active,Retained,37+ months,26–75 calls,26–100 SMS,7,High
2302,5,0,37,0,305,6,7,2,3,1,2,30,40.44,36.396,60,0,No complaint,Pay as you go,Non-active,Retained,37+ months,1–25 calls,1–25 SMS,7,High
2317,5,0,35,0,1100,18,7,9,2,1,2,25,81.81,73.629,60,0,No complaint,Pay as you go,Non-active,Retained,25–36 months,1–25 calls,1–25 SMS,7,High
2318,6,0,36,0,935,18,10,6,3,1,2,30,78.12,70.308,60,0,No complaint,Pay as you go,Non-active,Retained,25–36 months,1–25 calls,1–25 SMS,7,High
2319,5,0,35,0,305,6,7,2,2,1,2,25,45.495,40.9455,60,1,No complaint,Pay as you go,Non-active,Churned,25–36 months,1–25 calls,1–25 SMS,7,High
2323,27,1,31,0,1180,51,13,15,3,1,2,30,101.24,91.116,60.124,1,Complaint,Pay as you go,Non-active,Churned,25–36 months,26–75 calls,1–25 SMS,8,High
2327,13,1,33,0,3215,45,7,14,3,1,2,30,158.4,142.56,65.84,1,Complaint,Pay as you go,Non-active,Churned,25–36 months,26–75 calls,1–25 SMS,8,High
2328,13,1,34,0,2493,48,31,29,3,1,2,30,225.64,203.076,72.564,1,Complaint,Pay as you go,Non-active,Churned,25–36 months,26–75 calls,26–100 SMS,7,High
2329,5,0,34,0,305,6,7,2,3,1,2,30,40.44,36.396,60,1,No complaint,Pay as you go,Non-active,Churned,25–36 months,1–25 calls,1–25 SMS,7,High
2332,5,0,34,0,305,6,7,2,4,1,2,45,25.275,22.7475,60,1,No complaint,Pay as you go,Non-active,Churned,25–36 months,1–25 calls,1–25 SMS,7,High
2342,5,0,24,0,305,6,18,2,4,1,2,45,52.775,47.4975,60,0,No complaint,Pay as you go,Non-active,Retained,13–24 months,1–25 calls,1–25 SMS,7,High
2350,7,1,7,1,1713,23,7,5,3,1,1,30,97.44,87.696,60,1,Complaint,Pay as you go,Active,Churned,0–12 months,1–25 calls,1–25 SMS,8,High
2369,10,0,45,0,565,16,22,8,3,1,2,30,111.24,100.116,61.124,1,No complaint,Pay as you go,Non-active,Churned,37+ months,1–25 calls,1–25 SMS,7,High
2373,33,1,41,0,1520,63,38,25,3,1,2,30,215.32,193.788,71.532,1,Complaint,Pay as you go,Non-active,Churned,37+ months,26–75 calls,26–100 SMS,7,High
2377,19,1,43,0,3555,57,31,24,3,1,2,30,268.48,241.632,76.848,1,Complaint,Pay as you go,Non-active,Churned,37+ months,26–75 calls,26–100 SMS,7,High
2378,19,1,44,0,2833,60,56,39,4,1,2,45,212.325,191.0925,71.2325,1,Complaint,Pay as you go,Non-active,Churned,37+ months,26–75 calls,26–100 SMS,7,High
2379,10,0,44,0,698,18,22,10,3,1,2,30,116.64,104.976,61.664,1,No complaint,Pay as you go,Non-active,Churned,37+ months,1–25 calls,1–25 SMS,7,High
2382,10,1,44,0,1193,23,31,12,4,1,2,45,107.9,97.11,60.79,1,Complaint,Pay as you go,Non-active,Churned,37+ months,1–25 calls,26–100 SMS,9,High
2402,5,0,35,0,305,6,7,2,2,1,2,25,45.495,40.9455,60,0,No complaint,Pay as you go,Non-active,Retained,25–36 months,1–25 calls,1–25 SMS,7,High
2417,5,0,33,0,920,10,7,7,2,1,2,25,73.35,66.015,60,0,No complaint,Pay as you go,Non-active,Retained,25–36 months,1–25 calls,1–25 SMS,7,High
2418,5,0,34,0,755,10,7,4,3,1,2,30,58.6,52.74,60,0,No complaint,Pay as you go,Non-active,Retained,25–36 months,1–25 calls,1–25 SMS,7,High
2419,5,0,33,0,305,6,7,2,2,1,2,25,45.495,40.9455,60,1,No complaint,Pay as you go,Non-active,Churned,25–36 months,1–25 calls,1–25 SMS,7,High
2428,9,1,32,0,2313,40,26,27,3,1,2,30,198.12,178.308,69.812,1,Complaint,Pay as you go,Non-active,Churned,25–36 months,26–75 calls,26–100 SMS,7,High
2429,5,0,32,0,305,6,7,2,3,1,2,30,40.44,36.396,60,1,No complaint,Pay as you go,Non-active,Churned,25–36 months,1–25 calls,1–25 SMS,7,High
2432,5,0,32,0,305,6,7,2,4,1,2,45,25.275,22.7475,60,1,No complaint,Pay as you go,Non-active,Churned,25–36 months,1–25 calls,1–25 SMS,7,High
2441,11,0,23,0,745,21,7,3,2,1,2,25,65.97,59.373,60,0,No complaint,Pay as you go,Non-active,Retained,13–24 months,1–25 calls,1–25 SMS,7,High
2442,5,0,22,0,305,6,13,2,4,1,2,45,40.275,36.2475,60,0,No complaint,Pay as you go,Non-active,Retained,13–24 months,1–25 calls,1–25 SMS,7,High
2450,5,1,5,0,1533,15,7,3,3,1,1,30,89.92,80.928,60,1,Complaint,Pay as you go,Active,Churned,0–12 months,1–25 calls,1–25 SMS,8,High
2452,7,0,44,0,803,19,25,11,3,1,2,30,132.88,119.592,63.288,0,No complaint,Pay as you go,Non-active,Retained,37+ months,1–25 calls,1–25 SMS,7,High
2462,16,1,43,0,2723,68,26,24,3,1,2,30,215.64,194.076,71.564,0,Complaint,Pay as you go,Non-active,Retained,37+ months,26–75 calls,26–100 SMS,7,High
2469,7,0,42,0,485,14,18,7,2,1,2,25,103.455,93.1095,60.3455,1,No complaint,Pay as you go,Non-active,Churned,37+ months,1–25 calls,1–25 SMS,7,High
2477,16,1,40,0,3475,55,27,23,3,1,2,30,249.2,224.28,74.92,1,Complaint,Pay as you go,Non-active,Churned,37+ months,26–75 calls,26–100 SMS,7,High
2478,16,1,41,0,2753,58,52,38,4,1,2,45,200.275,180.2475,70.0275,1,Complaint,Pay as you go,Non-active,Churned,37+ months,26–75 calls,26–100 SMS,7,High
2479,7,1,41,0,618,16,18,9,3,1,2,30,97.36,87.624,60,1,Complaint,Pay as you go,Non-active,Churned,37+ months,1–25 calls,1–25 SMS,10,High
2502,5,0,38,0,305,6,7,2,3,1,2,30,40.44,36.396,60,0,No complaint,Pay as you go,Non-active,Retained,37+ months,1–25 calls,1–25 SMS,7,High
2517,5,0,36,0,1000,12,7,8,2,1,2,25,77.04,69.336,60,0,No complaint,Pay as you go,Non-active,Retained,25–36 months,1–25 calls,1–25 SMS,7,High
2518,5,0,37,0,835,12,9,5,3,1,2,30,69.88,62.892,60,0,No complaint,Pay as you go,Non-active,Retained,37+ months,1–25 calls,1–25 SMS,7,High
2519,5,0,36,0,305,6,7,2,2,1,2,25,45.495,40.9455,60,1,No complaint,Pay as you go,Non-active,Churned,25–36 months,1–25 calls,1–25 SMS,7,High
2523,26,1,32,0,1080,45,12,14,3,1,2,30,93,83.7,60,1,Complaint,Pay as you go,Non-active,Churned,25–36 months,26–75 calls,1–25 SMS,8,High
2527,12,1,34,0,3115,39,7,13,3,1,2,30,154.16,138.744,65.416,1,Complaint,Pay as you go,Non-active,Churned,25–36 months,26–75 calls,1–25 SMS,8,High
2529,5,1,35,0,305,6,7,2,3,1,2,30,40.44,36.396,60,1,Complaint,Pay as you go,Non-active,Churned,25–36 months,1–25 calls,1–25 SMS,10,High
2532,5,0,35,0,305,6,7,2,4,1,2,45,25.275,22.7475,60,1,No complaint,Pay as you go,Non-active,Churned,25–36 months,1–25 calls,1–25 SMS,7,High
2541,14,0,26,0,825,23,7,4,3,1,2,30,61.92,55.728,60,0,No complaint,Pay as you go,Non-active,Retained,25–36 months,1–25 calls,1–25 SMS,7,High
2542,5,0,25,0,305,6,17,2,4,1,2,45,50.275,45.2475,60,0,No complaint,Pay as you go,Non-active,Retained,25–36 months,1–25 calls,1–25 SMS,7,High
2550,6,1,8,2,1613,17,7,4,3,1,1,30,93.2,83.88,60,1,Complaint,Pay as you go,Active,Churned,0–12 months,1–25 calls,1–25 SMS,8,High
2569,9,1,39,0,905,16,28,17,2,1,2,25,167.445,150.7005,66.7445,1,Complaint,Pay as you go,Non-active,Churned,37+ months,1–25 calls,26–100 SMS,9,High
2573,32,1,35,0,1860,63,44,34,3,1,2,30,252.92,227.628,75.292,1,Complaint,Pay as you go,Non-active,Churned,25–36 months,26–75 calls,26–100 SMS,7,High
2577,18,1,37,0,3895,57,37,33,3,1,2,30,306.08,275.472,80.608,1,Complaint,Pay as you go,Non-active,Churned,37+ months,26–75 calls,26–100 SMS,7,High
2587,12,1,37,0,2570,60,66,37,4,1,2,45,230.75,207.675,73.075,1,Complaint,Pay as you go,Non-active,Churned,37+ months,26–75 calls,26–100 SMS,7,High
2602,5,0,41,0,305,6,7,2,3,1,2,30,40.44,36.396,60,0,No complaint,Pay as you go,Non-active,Retained,37+ months,1–25 calls,1–25 SMS,7,High
2617,5,0,39,0,580,10,7,2,2,1,2,25,58.05,52.245,60,0,No complaint,Pay as you go,Non-active,Retained,37+ months,1–25 calls,1–25 SMS,7,High
2618,5,0,40,0,415,10,7,2,3,1,2,30,45,40.5,60,0,No complaint,Pay as you go,Non-active,Retained,37+ months,1–25 calls,1–25 SMS,7,High
2619,5,0,39,0,305,6,7,2,2,1,2,25,45.495,40.9455,60,1,No complaint,Pay as you go,Non-active,Churned,37+ months,1–25 calls,1–25 SMS,7,High
2629,5,1,38,0,305,6,7,2,3,1,2,30,40.44,36.396,60,1,Complaint,Pay as you go,Non-active,Churned,37+ months,1–25 calls,1–25 SMS,10,High
2632,5,0,38,0,305,6,7,2,4,1,2,45,25.275,22.7475,60,1,No complaint,Pay as you go,Non-active,Churned,37+ months,1–25 calls,1–25 SMS,7,High
2641,12,0,29,0,405,21,7,2,3,1,2,30,45.04,40.536,60,0,No complaint,Pay as you go,Non-active,Retained,25–36 months,1–25 calls,1–25 SMS,7,High
2642,5,0,28,0,305,6,7,2,4,1,2,45,25.275,22.7475,60,0,No complaint,Pay as you go,Non-active,Retained,25–36 months,1–25 calls,1–25 SMS,7,High
2650,5,1,11,1,1193,15,7,2,3,1,1,30,76.32,68.688,60,1,Complaint,Pay as you go,Active,Churned,0–12 months,1–25 calls,1–25 SMS,8,High
2662,14,1,41,0,2658,66,47,23,4,1,2,45,185.6,167.04,68.56,0,Complaint,Pay as you go,Non-active,Retained,37+ months,26–75 calls,26–100 SMS,7,High
2673,28,1,36,0,1375,59,55,23,3,1,2,30,277.36,249.624,77.736,1,Complaint,Pay as you go,Non-active,Churned,25–36 months,26–75 calls,26–100 SMS,7,High
2678,14,1,39,0,2688,56,73,37,4,1,2,45,251.1,225.99,75.11,1,Complaint,Pay as you go,Non-active,Churned,37+ months,26–75 calls,26–100 SMS,7,High
2702,5,0,40,0,305,6,7,2,2,1,2,25,45.495,40.9455,60,0,No complaint,Pay as you go,Non-active,Retained,37+ months,1–25 calls,1–25 SMS,7,High
2712,14,1,39,0,2428,54,7,15,3,1,2,30,127.28,114.552,62.728,0,Complaint,Pay as you go,Non-active,Retained,37+ months,26–75 calls,1–25 SMS,8,High
2717,5,0,38,0,1065,14,7,9,2,1,2,25,80.055,72.0495,60,0,No complaint,Pay as you go,Non-active,Retained,37+ months,1–25 calls,1–25 SMS,7,High
2718,7,0,39,0,900,14,7,6,2,1,2,25,72.63,65.367,60,0,No complaint,Pay as you go,Non-active,Retained,37+ months,1–25 calls,1–25 SMS,7,High
2719,5,0,38,0,305,6,7,2,2,1,2,25,45.495,40.9455,60,1,No complaint,Pay as you go,Non-active,Churned,37+ months,1–25 calls,1–25 SMS,7,High
2723,28,1,34,0,1145,47,7,15,2,1,2,25,85.14,76.626,60,1,Complaint,Pay as you go,Non-active,Churned,25–36 months,26–75 calls,1–25 SMS,8,High
2729,5,1,37,0,305,6,7,2,3,1,2,30,40.44,36.396,60,1,Complaint,Pay as you go,Non-active,Churned,37+ months,1–25 calls,1–25 SMS,10,High
2732,5,0,37,0,818,7,7,2,4,1,2,45,38.125,34.3125,60,1,No complaint,Pay as you go,Non-active,Churned,37+ months,1–25 calls,1–25 SMS,7,High
2741,16,0,28,0,890,25,7,5,2,1,2,25,72.675,65.4075,60,0,No complaint,Pay as you go,Non-active,Retained,25–36 months,1–25 calls,1–25 SMS,7,High
2742,5,0,27,0,1015,10,7,2,4,1,2,45,43.125,38.8125,60,0,No complaint,Pay as you go,Non-active,Retained,25–36 months,1–25 calls,1–25 SMS,7,High
2752,7,0,41,0,813,12,23,9,3,1,2,30,125,112.5,62.5,0,No complaint,Pay as you go,Non-active,Retained,37+ months,1–25 calls,1–25 SMS,7,High
2767,7,0,39,0,1370,21,16,16,2,1,2,25,134.595,121.1355,63.4595,0,No complaint,Pay as you go,Non-active,Retained,37+ months,1–25 calls,1–25 SMS,7,High
2769,7,0,39,0,495,7,16,5,2,1,2,25,94.59,85.131,60,1,No complaint,Pay as you go,Non-active,Churned,37+ months,1–25 calls,1–25 SMS,7,High
2773,30,1,35,0,1450,54,32,22,3,1,2,30,188.16,169.344,68.816,1,Complaint,Pay as you go,Non-active,Churned,25–36 months,26–75 calls,26–100 SMS,7,High
2777,16,1,37,0,3485,48,25,21,3,1,2,30,241.32,217.188,74.132,1,Complaint,Pay as you go,Non-active,Churned,37+ months,26–75 calls,1–25 SMS,8,High
2778,16,1,38,0,2763,51,50,36,4,1,2,45,195.35,175.815,69.535,1,Complaint,Pay as you go,Non-active,Churned,37+ months,26–75 calls,26–100 SMS,7,High
2779,7,0,38,0,628,9,16,7,3,1,2,30,89.48,80.532,60,1,No complaint,Pay as you go,Non-active,Churned,37+ months,1–25 calls,1–25 SMS,7,High
2782,7,0,38,0,1123,14,25,9,4,1,2,45,90.925,81.8325,60,1,No complaint,Pay as you go,Non-active,Churned,37+ months,1–25 calls,1–25 SMS,7,High
2802,3,0,41,0,433,10,5,3,3,1,2,30,37.72,33.948,60,0,No complaint,Pay as you go,Non-active,Retained,37+ months,1–25 calls,1–25 SMS,7,High
2812,12,1,40,0,2353,59,6,16,3,1,2,30,120.48,108.432,62.048,0,Complaint,Pay as you go,Non-active,Retained,37+ months,26–75 calls,1–25 SMS,8,High
2817,3,0,39,0,990,19,0,10,2,1,2,25,45.405,40.8645,60,0,No complaint,Pay as you go,Non-active,Retained,37+ months,1–25 calls,No SMS,7,High
2818,5,0,40,0,825,19,11,7,3,1,2,30,77.76,69.984,60,0,No complaint,Pay as you go,Non-active,Retained,37+ months,1–25 calls,1–25 SMS,7,High
2819,0,0,39,0,0,0,0,0,2,1,2,25,0,0,60,1,No complaint,Pay as you go,Non-active,Churned,37+ months,No calls,No SMS,7,High
2823,26,1,35,0,1070,52,14,16,3,1,2,30,100.88,90.792,60.088,1,Complaint,Pay as you go,Non-active,Churned,25–36 months,26–75 calls,1–25 SMS,8,High
2829,3,0,38,0,248,7,0,1,3,1,2,30,10.2,9.18,60,1,No complaint,Pay as you go,Non-active,Churned,37+ months,1–25 calls,No SMS,7,High
2832,3,0,38,0,743,12,7,3,4,1,2,45,36.375,32.7375,60,1,No complaint,Pay as you go,Non-active,Churned,37+ months,1–25 calls,1–25 SMS,7,High
2842,3,0,28,0,940,15,19,2,4,1,2,45,71.375,64.2375,60,0,No complaint,Pay as you go,Non-active,Retained,25–36 months,1–25 calls,1–25 SMS,7,High
2850,6,1,11,2,1602,24,0,6,3,1,1,30,65.04,58.536,60,1,Complaint,Pay as you go,Active,Churned,0–12 months,1–25 calls,No SMS,8,High
2852,3,0,36,0,623,5,6,5,2,1,2,25,55.26,49.734,60,0,No complaint,Pay as you go,Non-active,Retained,25–36 months,1–25 calls,1–25 SMS,7,High
2867,3,0,34,0,1180,14,0,12,2,1,2,25,53.73,48.357,60,0,No complaint,Pay as you go,Non-active,Retained,25–36 months,1–25 calls,No SMS,7,High
2868,5,0,35,0,1015,14,12,9,2,1,2,25,100.305,90.2745,60.0305,0,No complaint,Pay as you go,Non-active,Retained,25–36 months,1–25 calls,1–25 SMS,7,High
2869,0,0,34,0,0,0,0,0,2,1,2,25,0,0,60,1,No complaint,Pay as you go,Non-active,Churned,25–36 months,No calls,No SMS,7,High
2873,26,1,30,0,1260,47,15,18,2,1,2,25,126.315,113.6835,62.6315,1,Complaint,Pay as you go,Non-active,Churned,25–36 months,26–75 calls,1–25 SMS,8,High
2877,12,1,32,0,3295,41,8,17,3,1,2,30,165.44,148.896,66.544,1,Complaint,Pay as you go,Non-active,Churned,25–36 months,26–75 calls,1–25 SMS,8,High
2879,3,0,33,0,438,2,0,3,3,1,2,30,17.6,15.84,60,1,No complaint,Pay as you go,Non-active,Churned,25–36 months,1–25 calls,No SMS,7,High
2882,3,0,33,0,933,7,8,5,4,1,2,45,43.5,39.15,60,1,No complaint,Pay as you go,Non-active,Churned,25–36 months,1–25 calls,1–25 SMS,7,High
2891,14,0,24,0,1005,25,9,8,2,1,2,25,86.85,78.165,60,0,No complaint,Pay as you go,Non-active,Retained,13–24 months,1–25 calls,1–25 SMS,7,High
2892,3,0,23,0,1130,10,20,4,4,1,2,45,78.5,70.65,60,0,No complaint,Pay as you go,Non-active,Retained,13–24 months,1–25 calls,1–25 SMS,7,High
2902,7,0,46,0,623,17,22,7,3,1,2,30,113.6,102.24,61.36,0,No complaint,Pay as you go,Non-active,Retained,37+ months,1–25 calls,1–25 SMS,7,High
2919,7,0,44,0,305,12,15,3,3,1,2,30,72.68,65.412,60,1,No complaint,Pay as you go,Non-active,Churned,37+ months,1–25 calls,1–25 SMS,7,High
2923,30,1,40,0,1260,59,31,20,3,1,2,30,176.76,159.084,67.676,1,Complaint,Pay as you go,Non-active,Churned,37+ months,26–75 calls,26–100 SMS,7,High
2927,16,1,42,0,3295,53,24,19,3,1,2,30,229.92,206.928,72.992,1,Complaint,Pay as you go,Non-active,Churned,37+ months,26–75 calls,1–25 SMS,8,High
2928,16,1,43,0,2573,56,49,34,4,1,2,45,188.225,169.4025,68.8225,1,Complaint,Pay as you go,Non-active,Churned,37+ months,26–75 calls,26–100 SMS,7,High
2929,7,0,43,0,438,14,15,5,3,1,2,30,78.08,70.272,60,1,No complaint,Pay as you go,Non-active,Churned,37+ months,1–25 calls,1–25 SMS,7,High
2932,7,0,43,0,933,19,24,7,4,1,2,45,83.8,75.42,60,1,No complaint,Pay as you go,Non-active,Churned,37+ months,1–25 calls,1–25 SMS,7,High
2952,11,0,42,0,1333,22,22,6,3,1,2,30,142.2,127.98,64.22,0,No complaint,Pay as you go,Non-active,Retained,37+ months,1–25 calls,1–25 SMS,7,High
2969,11,0,40,0,1015,17,15,2,3,1,2,30,101.28,91.152,60.128,1,No complaint,Pay as you go,Non-active,Churned,37+ months,1–25 calls,1–25 SMS,7,High
2977,20,1,38,0,4005,58,24,18,3,1,2,30,258.52,232.668,75.852,1,Complaint,Pay as you go,Non-active,Churned,37+ months,26–75 calls,1–25 SMS,8,High
2978,20,1,39,0,3283,61,49,33,4,1,2,45,206.1,185.49,70.61,1,Complaint,Pay as you go,Non-active,Churned,37+ months,26–75 calls,26–100 SMS,7,High
2979,11,0,39,0,1148,19,15,4,3,1,2,30,106.68,96.012,60.668,1,No complaint,Pay as you go,Non-active,Churned,37+ months,1–25 calls,1–25 SMS,7,High
2982,11,0,39,0,1643,24,24,6,4,1,2,45,101.675,91.5075,60.1675,1,No complaint,Pay as you go,Non-active,Churned,37+ months,1–25 calls,1–25 SMS,7,High
2991,22,1,30,0,1715,42,25,9,3,1,2,30,170.28,153.252,67.028,1,Complaint,Pay as you go,Non-active,Churned,25–36 months,26–75 calls,1–25 SMS,8,High
3002,0,0,40,0,0,0,0,0,3,1,2,30,0,0,60,0,No complaint,Pay as you go,Non-active,Retained,37+ months,No calls,No SMS,7,High
3017,0,0,38,0,470,9,0,13,2,1,2,25,21.555,19.3995,60,0,No complaint,Pay as you go,Non-active,Retained,37+ months,1–25 calls,No SMS,7,High
3018,1,0,39,0,305,9,0,10,3,1,2,30,12.56,11.304,60,0,No complaint,Pay as you go,Non-active,Retained,37+ months,1–25 calls,No SMS,7,High
3019,0,0,38,0,0,0,0,0,2,1,2,25,0,0,60,1,No complaint,Pay as you go,Non-active,Churned,37+ months,No calls,No SMS,7,High
3027,8,1,36,0,2585,36,0,18,3,1,2,30,104.84,94.356,60.484,1,Complaint,Pay as you go,Non-active,Churned,25–36 months,26–75 calls,No SMS,8,High
3029,0,0,37,0,0,0,0,0,3,1,2,30,0,0,60,1,No complaint,Pay as you go,Non-active,Churned,37+ months,No calls,No SMS,7,High
3032,0,0,37,0,223,2,0,6,4,1,2,45,5.625,5.0625,60,1,No complaint,Pay as you go,Non-active,Churned,37+ months,1–25 calls,No SMS,7,High
3041,10,0,28,0,295,20,0,9,3,1,2,30,12.6,11.34,60,0,No complaint,Pay as you go,Non-active,Retained,25–36 months,1–25 calls,No SMS,7,High
3042,0,0,27,0,420,5,3,5,4,1,2,45,18.125,16.3125,60,0,No complaint,Pay as you go,Non-active,Retained,25–36 months,1–25 calls,1–25 SMS,7,High
3050,2,1,10,1,1082,14,0,9,3,1,1,30,43.84,39.456,60,1,Complaint,Pay as you go,Active,Churned,0–12 months,1–25 calls,No SMS,8,High
3052,5,0,41,0,623,11,14,6,3,1,2,30,81.36,73.224,60,0,No complaint,Pay as you go,Non-active,Retained,37+ months,1–25 calls,1–25 SMS,7,High
3067,5,0,39,0,1180,20,7,13,2,1,2,25,85.5,76.95,60,0,No complaint,Pay as you go,Non-active,Retained,37+ months,1–25 calls,1–25 SMS,7,High
3068,7,0,40,0,1015,20,20,10,3,1,2,30,121.4,109.26,62.14,0,No complaint,Pay as you go,Non-active,Retained,37+ months,1–25 calls,1–25 SMS,7,High
3069,5,0,39,0,305,6,7,2,2,1,2,25,45.495,40.9455,60,1,No complaint,Pay as you go,Non-active,Churned,37+ months,1–25 calls,1–25 SMS,7,High
3073,28,1,35,0,1260,53,23,19,3,1,2,30,144.52,130.068,64.452,1,Complaint,Pay as you go,Non-active,Churned,25–36 months,26–75 calls,1–25 SMS,8,High
3077,14,1,37,0,3295,47,16,18,3,1,2,30,197.68,177.912,69.768,1,Complaint,Pay as you go,Non-active,Churned,37+ months,26–75 calls,1–25 SMS,8,High
3079,5,0,38,0,438,8,7,4,3,1,2,30,45.84,41.256,60,1,No complaint,Pay as you go,Non-active,Churned,37+ months,1–25 calls,1–25 SMS,7,High
3082,5,0,38,0,933,13,16,6,4,1,2,45,63.65,57.285,60,1,No complaint,Pay as you go,Non-active,Churned,37+ months,1–25 calls,1–25 SMS,7,High
3100,8,1,11,2,1792,25,7,9,3,1,1,30,100.68,90.612,60.068,1,Complaint,Pay as you go,Active,Churned,0–12 months,1–25 calls,1–25 SMS,8,High
3102,5,0,41,0,623,11,14,6,3,1,2,30,81.36,73.224,60,0,No complaint,Pay as you go,Non-active,Retained,37+ months,1–25 calls,1–25 SMS,7,High
3117,5,0,39,0,1180,20,7,13,2,1,2,25,85.5,76.95,60,0,No complaint,Pay as you go,Non-active,Retained,37+ months,1–25 calls,1–25 SMS,7,High
3118,7,0,40,0,1015,20,20,10,3,1,2,30,121.4,109.26,62.14,0,No complaint,Pay as you go,Non-active,Retained,37+ months,1–25 calls,1–25 SMS,7,High
3119,5,0,39,0,305,6,7,2,2,1,2,25,45.495,40.9455,60,1,No complaint,Pay as you go,Non-active,Churned,37+ months,1–25 calls,1–25 SMS,7,High
3123,28,1,35,0,1260,53,23,19,3,1,2,30,144.52,130.068,64.452,1,Complaint,Pay as you go,Non-active,Churned,25–36 months,26–75 calls,1–25 SMS,8,High
3127,14,1,37,0,3295,47,16,18,3,1,2,30,197.68,177.912,69.768,1,Complaint,Pay as you go,Non-active,Churned,37+ months,26–75 calls,1–25 SMS,8,High
3128,14,1,38,0,2573,50,41,33,4,1,2,45,168.075,151.2675,66.8075,1,Complaint,Pay as you go,Non-active,Churned,37+ months,26–75 calls,26–100 SMS,7,High
3129,5,0,38,0,438,8,7,4,3,1,2,30,45.84,41.256,60,1,No complaint,Pay as you go,Non-active,Churned,37+ months,1–25 calls,1–25 SMS,7,High
3132,5,1,38,0,933,13,16,6,4,1,2,45,63.65,57.285,60,1,Complaint,Pay as you go,Non-active,Churned,37+ months,1–25 calls,1–25 SMS,10,High
3150,8,1,11,2,1792,25,7,9,3,1,1,30,100.68,90.612,60.068,1,Complaint,Pay as you go,Active,Churned,0–12 months,1–25 calls,1–25 SMS,8,High